字號,字
1,東
2,菄
11,凍
14,崠
18,同
19,仝
20,童
21,僮
22,銅
23,桐
28,筒
29,瞳
39,橦
40,烔
63,中
64,衷
65,忠
67,蟲
68,沖
70,盅
75,終
76,眾
79,螽
80,𧑄
86,鴤
90,忡
92,盅
93,崇
94,崈
97,嵩
98,崧
101,菘
106,戎
107,𢦦
113,狨
114,絨
115,弓
116,躳
117,躬
119,宮
121,融
122,融
125,雄
126,熊
128,夢
133,穹
136,芎
137,𦵡
140,窮
141,藭
143,馮
150,風
151,飌
152,楓
157,豐
158,酆
160,灃
165,充
167,茺
172,隆
173,癃
175,窿
178,空
179,箜
186,倥
192,公
193,功
194,工
196,蚣
200,攻
205,蒙
206,冡
207,濛
209,艨
210,朦
211,矇
214,檬
219,幪
223,蠓
228,朦
230,懜
232,籠
235,朧
239,瀧
240,聾
242,礱
245,嚨
246,蘢
247,櫳
252,瓏
253,曨
259,洪
261,訌
262,紅
263,虹
265,鴻
282,叢
283,藂
287,翁
290,蓊
295,怱
296,忩
297,葱
300,聦
303,騘
305,囪
308,㷓
310,通
326,椶
327,騣
341,蓬
343,篷
345,蜂
351,烘
353,魟
361,冬
362,𡘬
368,彤
369,疼
391,琮
394,淙
396,鬃
401,農
402,䢉
403,辳
404,𨑋
406,噥
410,儂
411,𧗕
412,膿
413,攻
422,宗
424,鬆
425,䯳
427,鍾
428,鐘
430,忪
445,龍
451,籠
454,舂
456,摏
460,松
461,㮤
464,𧘂
465,衝
467,憧
475,容
476,溶
478,庸
479,𦤘
484,鎔
485,鏞
486,銿
488,傭
492,鱅
493,蓉
510,封
511,𡉚
512,犎
513,葑
515,胷
516,凶
517,𣧑
519,洶
522,兇
524,匈
529,邕
530,雍
536,癰
540,壅
547,濃
553,重
560,從
561,从
570,逢
571,縫
574,𥎌
577,捀
578,峯
579,鋒
580,丰
584,蠭
585,蜂
586,𧒒
589,㷭
590,烽
595,縱
597,蹤
604,茸
615,邛
618,笻
633,恭
634,龔
635,供
645,淞
647,鬆
652,從
664,江
665,扛
666,杠
669,矼
670,豇
671,肛
697,囪
698,䆫
699,牎
700,窓
706,邦
707,𤰫
708,梆
712,降
713,缸
714,瓨
718,胮
719,𤵸
725,雙
732,龐
742,腔
743,𤟄
744,羫
754,幢
755,撞
758,噇
765,樁
772,支
777,卮
778,栀
779,枝
780,祇
783,肢
784,胑
785,𨈛
788,氏
798,眵
801,移
802,䄬
824,拸
827,蛇
833,爲
834,為
841,𪎮
842,麾
847,逶
849,萎
853,痿
855,委
858,糜
859,縻
864,𪎭
877,錘
879,𡍮
880,垂
881,陲
889,羸
891,吹
892,炊
896,鮍
897,披
906,陂
908,碑
915,襬
917,隨
918,隋
920,虧
921,闚
922,窺
923,奇
924,琦
925,騎
936,岐
937,歧
948,芪
955,伎
959,犧
960,羲
962,桸
967,曦
977,㩻
981,崎
988,宜
989,宐
990,𡪀
991,𡨆
992,儀
993,𥫃
999,皮
1000,疲
1008,匙
1018,兒
1019,𠒆
1022,離
1023,籬
1025,罹
1026,璃
1027,酈
1029,驪
1032,鸝
1033,鵹
1034,𪅆
1039,麗
1043,蠡
1046,漓
1059,疵
1068,貲
1069,頿
1073,訾
1084,羈
1085,畸
1089,奇
1091,妓
1093,卑
1097,裨
1107,脾
1111,蜱
1121,施
1131,斯
1136,廝
1137,㒋
1157,差
1162,螭
1164,魑
1165,黐
1171,彌
1172,𢏏
1179,獼
1180,𥸀
1187,瀰
1188,雌
1193,知
1194,䵹
1195,鼅
1196,蜘
1205,欹
1210,馳
1212,池
1214,篪
1215,䶵
1216,踟
1225,危
1232,簁
1251,規
1264,箠
1267,眵
1269,齜
1278,脂
1288,姨
1289,彝
1290,寅
1291,夷
1299,痍
1304,胰
1307,羨
1314,師
1317,篩
1318,獅
1319,螄
1323,琵
1327,貔
1333,枇
1343,咨
1344,資
1349,諮
1350,姿
1358,飢
1360,肌
1370,辴
1372,𥭘
1385,茨
1386,薋
1387,薺
1388,餈
1389,𩜴
1393,瓷
1398,尼
1399,柅
1403,呢
1406,墀
1407,𡎰
1410,遲
1411,遟
1421,私
1426,尸
1428,屍
1429,蓍
1431,𦓀
1432,耆
1437,祁
1439,鰭
1441,伊
1442,咿
1446,棃
1447,梨
1450,蜊
1452,犂
1460,葵
1468,追
1471,龜
1472,龜
1473,𠃾
1477,蕤
1484,衰
1486,𤸬
1487,惟
1489,維
1490,遺
1491,濰
1497,唯
1513,綏
1514,雖
1515,荾
1516,荽
1517,䒘
1518,葰
1522,睢
1523,濉
1525,逵
1528,馗
1544,眉
1545,睂
1546,嵋
1547,湄
1549,鶥
1550,楣
1555,黴
1556,麋
1565,悲
1566,錐
1567,隹
1569,騅
1574,誰
1577,帷
1584,丕
1585,㔻
1602,鎚
1603,椎
1604,槌
1605,桘
1609,胝
1610,疷
1613,紕
1621,巋
1624,咦
1630,之
1632,芝
1633,㞢
1634,飴
1635,𩛛
1636,䬮
1637,怡
1645,貽
1648,𦣞
1649,𩠢
1650,頤
1651,詒
1654,宧
1661,時
1662,旹
1666,蒔
1667,鰣
1668,疑
1669,嶷
1671,思
1672,恖
1673,司
1676,絲
1688,其
1689,期
1690,旗
1694,萁
1695,𧯯
1696,蜝
1697,琪
1698,麒
1700,淇
1704,棊
1705,櫀
1706,碁
1709,鯕
1710,蘄
1711,祺
1712,禥
1718,詩
1724,而
1745,欺
1755,抾
1756,姬
1759,基
1760,箕
1761,萁
1766,居
1768,詞
1769,祠
1771,辭
1772,辤
1773,辝
1775,釐
1776,貍
1777,狸
1780,剺
1798,淄
1801,輜
1802,錙
1804,緇
1805,䊷
1807,鯔
1812,熙
1813,嬉
1814,禧
1820,熹
1821,嘻
1825,醫
1826,毉
1829,噫
1831,癡
1833,笞
1834,痴
1835,治
1836,持
1838,蚩
1839,嗤
1845,慈
1846,礠
1847,鶿
1849,茲
1850,茲
1851,孳
1853,孜
1854,滋
1855,嗞
1868,微
1871,薇
1876,揮
1877,煇
1878,輝
1879,暉
1880,徽
1890,幃
1891,韋
1892,闈
1893,圍
1896,違
1904,霏
1905,䬠
1906,妃
1907,菲
1914,飛
1915,扉
1916,緋
1918,非
1923,誹
1925,肥
1926,腓
1928,淝
1930,痱
1934,賁
1935,裴
1937,威
1938,葳
1945,祈
1947,旂
1949,畿
1950,㙨
1951,崎
1952,碕
1953,圻
1964,蘄
1965,機
1966,譏
1968,嘰
1970,磯
1972,饑
1974,幾
1978,璣
1981,希
1982,晞
1986,稀
1987,豨
1992,欷
1993,依
1995,衣
2001,沂
2003,巍
2005,歸
2006,㱕
2010,魚
2011,𩺰
2012,漁
2013,𩼪
2014,䰻
2015,䱷
2019,衙
2020,初
2022,書
2025,舒
2027,紓
2029,居
2031,据
2032,裾
2033,琚
2036,車
2043,渠
2047,磲
2069,余
2073,餘
2074,輿
2081,歟
2082,與
2085,舁
2086,擧
2087,妤
2088,伃
2091,予
2095,狳
2098,胥
2109,疽
2113,趄
2116,狙
2118,蛆
2125,鉏
2126,鋤
2131,攄
2135,疏
2136,梳
2138,蔬
2139,踈
2146,虛
2149,噓
2152,徐
2156,於
2157,扵
2159,淤
2161,豬
2162,䐗
2163,猪
2164,瀦
2168,閭
2170,廬
2171,蘆
2172,櫚
2173,驢
2184,諸
2185,櫧
2188,𧄔
2191,除
2192,躇
2193,儲
2194,涂
2204,如
2206,𨚴
2211,茹
2213,且
2218,虛
2219,墟
2221,袪
2230,菹
2231,𧂚
2234,蜍
2235,𧄔
2241,挐
2242,虞
2243,𩦢
2244,愚
2245,娛
2249,嵎
2251,禺
2252,隅
2262,芻
2264,無
2265,毋
2268,蕪
2269,誣
2270,巫
2286,于
2287,迂
2288,盂
2290,雩
2292,竽
2307,吁
2326,衢
2332,臞
2333,癯
2345,瞿
2350,蚼
2362,儒
2364,濡
2365,襦
2366,懦
2378,須
2379,鬚
2386,需
2392,株
2393,誅
2395,鼄
2396,蛛
2405,殊
2406,銖
2407,洙
2408,茱
2417,逾
2418,踰
2420,臾
2422,腴
2423,諛
2426,覦
2428,俞
2430,愉
2434,瑜
2439,榆
2443,渝
2448,瘉
2462,區
2464,驅
2465,敺
2466,嶇
2467,軀
2470,朱
2471,珠
2472,侏
2479,硃
2480,趨
2481,趍
2482,鯫
2483,趣
2487,瞜
2492,摟
2496,婁
2500,扶
2501,𢻳
2502,芙
2503,符
2505,鳧
2507,苻
2508,蚨
2509,夫
2527,雛
2528,鶵
2532,敷
2533,麩
2534,麱
2535,孚
2539,鋪
2541,俘
2547,孵
2552,稃
2553,𥹃
2554,莩
2575,跗
2576,趺
2577,膚
2578,肤
2587,夫
2590,扶
2596,紆
2603,迂
2608,輸
2611,樞
2612,姝
2616,廚
2617,躕
2621,拘
2622,駒
2629,跔
2631,俱
2632,痀
2640,模
2641,橅
2642,摸
2643,嫫
2646,謨
2651,膜
2653,匍
2657,菩
2658,䔕
2659,蒲
2662,胡
2665,壺
2666,狐
2669,瑚
2670,湖
2672,猢
2674,𪏻
2675,䊀
2676,𪍒
2677,糊
2678,弧
2679,乎
2680,𠂞
2682,瓠
2683,葫
2692,孤
2694,菰
2697,姑
2698,辜
2699,呱
2703,蛄
2705,鴣
2708,沽
2717,箍
2721,徒
2722,𨑒
2723,屠
2725,塗
2726,途
2731,涂
2734,荼
2735,圖
2736,啚
2752,奴
2753,㚢
2755,駑
2757,孥
2759,呼
2776,吾
2777,鼯
2778,𪁙
2779,𧋋
2780,吳
2786,蜈
2792,梧
2797,租
2799,盧
2803,蘆
2804,顱
2805,髗
2806,鱸
2807,攎
2808,櫨
2809,轤
2812,鸕
2813,艫
2815,瀘
2817,爐
2833,蘇
2834,穌
2836,酥
2837,徂
2838,䢐
2839,殂
2840,𣨐
2842,烏
2843,嗚
2844,洿
2845,污
2846,杇
2847,圬
2848,釫
2851,鎢
2853,於
2855,鄔
2866,晡
2876,枯
2882,跍
2883,挎
2887,麤
2888,麁
2891,觕
2893,粗
2906,都
2914,鋪
2925,齊
2926,臍
2928,蠐
2933,𨥦
2934,黎
2935,犂
2936,𤛿
2937,莉
2939,藜
2955,妻
2956,萋
2957,淒
2958,凄
2959,悽
2965,低
2973,隄
2974,堤
2983,䚣
2987,䬫
2989,嗁
2990,啼
2991,㖒
2992,蹏
2993,蹄
2995,提
2998,隄
3000,題
3003,綈
3007,締
3042,銻
3053,𦱔
3054,蓖
3056,篦
3066,雞
3067,鷄
3068,稽
3070,笄
3076,奚
3078,徯
3080,蹊
3089,嵇
3090,兮
3091,鼷
3106,倪
3108,霓
3114,猊
3115,麑
3116,貎
3117,鯢
3118,兒
3130,西
3131,卤
3132,卥
3133,棲
3134,栖
3136,犀
3137,嘶
3138,撕
3144,粞
3146,梯
3162,磇
3164,𠜱
3167,批
3169,齎
3177,擠
3185,迷
3191,泥
3192,埿
3195,谿
3196,嵠
3197,溪
3198,磎
3204,圭
3205,珪
3207,閨
3212,洼
3220,奎
3229,蝰
3234,攜
3235,携
3240,畦
3263,佳
3264,街
3266,鮭
3267,膎
3268,鞵
3269,鞋
3273,牌
3275,𥱼
3284,蝸
3287,蛙
3288,鼃
3289,咼
3290,喎
3295,柴
3302,查
3303,釵
3306,叉
3310,差
3312,竵
3319,崖
3320,涯
3327,娃
3328,洼
3329,哇
3332,崽
3333,籭
3341,皆
3342,偕
3343,䕸
3344,稭
3346,階
3351,堦
3355,街
3359,鍇
3360,𢰇
3361,諧
3363,骸
3368,鞋
3370,排
3373,牌
3376,乖
3377,𦮃
3380,懷
3383,槐
3388,淮
3392,匯
3395,豺
3396,儕
3399,差
3404,埋
3405,薶
3406,霾
3408,齋
3410,崴
3418,揩
3423,崽
3427,搋
3432,灰
3434,鼿
3437,虺
3438,恢
3439,詼
3441,魁
3445,盔
3447,煨
3451,偎
3453,揋
3457,回
3458,洄
3459,迴
3460,槐
3461,徊
3463,蚘
3469,茴
3470,枚
3471,梅
3472,媒
3473,玫
3474,煤
3480,莓
3483,䊈
3485,傀
3488,瑰
3495,雷
3496,𩂩
3504,鐳
3509,頹
3521,崔
3522,催
3523,縗
3531,堆
3543,挼
3548,摧
3549,崔
3553,裴
3554,徘
3555,培
3556,陪
3562,𤗏
3565,桮
3566,杯
3567,盃
3568,肧
3569,坏
3577,桅
3578,嵬
3585,推
3589,捼
3592,脧
3595,咍
3598,開
3603,哀
3604,埃
3605,唉
3609,臺
3610,擡
3611,菭
3612,苔
3624,該
3626,垓
3638,賅
3645,裁
3646,纔
3647,財
3648,才
3649,材
3654,來
3655,萊
3658,崍
3678,徠
3679,烖
3680,灾
3681,災
3682,𤆎
3683,栽
3684,哉
3691,猜
3697,胎
3698,孡
3700,台
3702,𧉟
3704,孩
3705,咳
3706,頦
3712,鰓
3716,顋
3720,皚
3724,隑
3726,獃
3730,懛
3733,真
3734,甄
3735,振
3737,稹
3744,唇
3753,因
3754,茵
3755,鞇
3762,氤
3763,絪
3768,洇
3769,姻
3770,婣
3776,新
3777,辛
3778,薪
3779,辰
3780,晨
3781,䢅
3783,宸
3789,臣
3792,仁
3794,人
3795,神
3797,親
3798,寴
3799,𡪔
3803,申
3804,伸
3805,紳
3806,娠
3807,呻
3808,𣢘
3809,𠲳
3815,身
3819,賓
3820,𧶉
3821,濱
3822,檳
3825,儐
3829,㷠
3830,燐
3831,鄰
3832,轔
3833,嶙
3834,粼
3835,磷
3837,麟
3838,麐
3839,鱗
3847,壣
3851,潾
3857,珍
3860,陳
3861,敶
3864,塵
3865,津
3866,𦪉
3870,瞋
3871,嗔
3872,謓
3876,秦
3879,寅
3880,夤
3885,紉
3886,繽
3891,頻
3892,蘋
3893,薲
3894,嬪
3905,銀
3906,㹞
3907,狺
3921,巾
3922,麏
3923,麇
3924,麕
3926,莙
3928,筠
3940,岷
3942,閩
3943,緡
3946,旻
3950,汶
3951,㨉
3958,貧
3959,𡧋
3967,彬
3968,斌
3969,份
3980,民
3983,泯
3985,諄
3986,惇
3988,肫
3990,椿
4000,荀
4002,詢
4008,恂
4014,純
4016,蒓
4017,醇
4018,鶉
4023,淳
4031,脣
4036,淪
4037,倫
4038,論
4040,輪
4043,蜦
4045,綸
4047,侖
4049,掄
4056,竣
4057,皴
4065,遵
4070,春
4072,勻
4074,旬
4075,𠣙
4076,巡
4077,馴
4078,循
4092,均
4093,鈞
4100,臻
4101,蓁
4105,𣓀
4106,榛
4107,樼
4111,莘
4134,文
4135,聞
4136,𦖫
4138,紋
4139,雯
4141,蟁
4142,蚊
4143,䘇
4144,䰚
4149,閩
4150,雲
4152,蕓
4153,𦔐
4154,𦓷
4155,耘
4158,紜
4161,云
4164,員
4165,𪔅
4182,汾
4183,墳
4184,氛
4190,焚
4191,燌
4193,豶
4202,棼
4216,鼢
4217,蚡
4219,分
4222,扮
4225,羣
4226,帬
4227,裠
4230,薰
4231,曛
4232,勳
4233,勛
4234,熏
4235,燻
4238,醺
4239,葷
4242,君
4243,軍
4244,皸
4247,莙
4250,芬
4251,紛
4256,棻
4259,氛
4260,雰
4263,欣
4264,忻
4265,昕
4266,訢
4269,殷
4273,勤
4274,芹
4282,斤
4283,筋
4284,䈥
4290,齗
4291,齦
4298,元
4299,原
4301,源
4302,𠫐
4305,沅
4307,黿
4311,芫
4318,阮
4320,袁
4321,爰
4322,垣
4324,園
4325,援
4327,轅
4329,媛
4333,蝯
4334,猨
4335,猿
4336,煩
4337,番
4338,𨆌
4339,蹯
4340,繁
4343,樊
4352,蟠
4353,蕃
4355,礬
4359,璠
4373,藩
4374,飜
4375,翻
4377,番
4378,幡
4384,藩
4385,暄
4388,萱
4391,塤
4392,壎
4396,喧
4404,鴛
4405,冤
4415,怨
4422,言
4429,軒
4430,掀
4441,犍
4447,蔫
4448,焉
4449,蕃
4450,藩
4458,䰟
4462,餛
4463,餫
4467,渾
4481,琿
4482,昆
4483,晜
4484,𥊽
4488,崐
4489,琨
4490,鵾
4491,鶤
4492,鯤
4497,錕
4503,溫
4507,殟
4515,門
4516,捫
4519,璊
4528,孫
4529,蓀
4532,猻
4534,尊
4535,罇
4536,樽
4539,存
4540,蹲
4544,敦
4548,驐
4549,墩
4552,燉
4558,屯
4559,豚
4560,㹠
4561,豘
4563,臀
4564,𡱂
4565,𦞠
4566,𩪡
4568,飩
4571,沌
4572,邨
4573,燉
4580,村
4585,盆
4589,奔
4592,犇
4593,論
4594,崘
4595,掄
4597,坤
4598,𡿦
4599,髡
4604,昏
4606,婚
4611,濆
4612,噴
4615,痕
4619,根
4620,跟
4621,𣥦
4623,恩
4626,吞
4630,寒
4631,𩏑
4635,邯
4645,單
4647,鄲
4648,丹
4653,癉
4655,安
4657,鞌
4660,難
4661,𪅀
4662,𩁢
4663,𩁚
4664,餐
4665,湌
4667,灘
4669,嘆
4673,攤
4678,跚
4679,珊
4680,姍
4682,壇
4683,檀
4687,彈
4690,但
4697,殘
4700,戔
4704,干
4705,乾
4706,漧
4707,竿
4708,肝
4709,奸
4720,蘭
4721,瀾
4722,闌
4723,讕
4724,攔
4728,欄
4731,㘓
4732,看
4733,𥉏
4734,栞
4735,𣓁
4738,刊
4740,鼾
4742,桓
4743,完
4746,丸
4748,紈
4758,莞
4773,刓
4783,端
4794,剜
4796,豌
4797,蜿
4798,帵
4802,湍
4808,酸
4813,團
4823,摶
4834,官
4837,棺
4838,觀
4840,冠
4842,倌
4844,鑾
4845,鸞
4846,巒
4847,欒
4852,臠
4853,灤
4858,歡
4859,懽
4866,獾
4871,寬
4873,鑽
4879,槃
4880,盤
4881,鎜
4882,柈
4883,瘢
4884,磻
4886,磐
4888,般
4897,蟠
4902,瞞
4903,顢
4904,謾
4906,䊡
4907,饅
4908,慲
4913,鞔
4915,鰻
4916,曼
4917,蔓
4926,潘
4933,般
4936,刪
4937,訕
4938,潸
4941,關
4942,関
4947,彎
4948,灣
4952,𣠯
4953,還
4954,環
4956,鬟
4957,寰
4973,班
4974,頒
4978,斑
4979,辬
4981,般
4984,扳
4986,蠻
4989,鬘
4993,顏
4995,姦
4996,菅
4999,攀
5000,扳
5004,頑
5009,山
5010,疝
5012,鰥
5015,閒
5016,艱
5017,囏
5021,閑
5023,癇
5027,鷳
5030,慳
5039,潺
5040,孱
5047,𤡥
5057,斕
5074,先
5078,前
5079,歬
5084,千
5086,阡
5089,芊
5093,箋
5094,牋
5095,㮍
5100,湔
5108,天
5109,𠀘
5110,䒶
5114,堅
5119,肩
5128,鰹
5131,賢
5132,臤
5133,弦
5134,絃
5135,舷
5136,胘
5146,痃
5149,煙
5150,烟
5151,𡨾
5152,𤎟
5153,燕
5154,咽
5157,湮
5158,胭
5160,閼
5161,蓮
5162,憐
5163,怜
5169,田
5173,填
5174,窴
5178,鈿
5185,滇
5189,秊
5190,年
5191,𨛲
5192,顛
5193,㒹
5194,齻
5197,瘨
5198,癲
5201,巔
5207,牽
5217,妍
5219,研
5220,𥓋
5225,眠
5226,瞑
5229,𥌂
5236,駢
5238,胼
5244,淵
5245,𠝃
5246,囦
5254,涓
5256,蠲
5259,鵑
5267,邊
5268,籩
5271,蝙
5274,編
5281,玄
5282,縣
5283,懸
5284,眩
5287,玆
5289,𥌭
5292,胘
5297,仙
5298,僊
5299,㒨
5304,秈
5305,鮮
5306,硟
5307,鱻
5309,錢
5311,遷
5312,𨙙
5313,𠨧
5317,韆
5319,煎
5320,湔
5323,然
5324,燃
5332,延
5334,筵
5338,蜒
5347,旃
5348,旜
5350,氈
5359,驙
5360,鱣
5361,𩼼
5367,羶
5369,挻
5370,扇
5371,煽
5377,鏈
5380,單
5381,蟬
5385,禪
5387,嬋
5388,纏
5389,緾
5401,嫣
5403,連
5404,聮
5405,漣
5407,鰱
5410,鏈
5416,篇
5417,偏
5418,翩
5421,扁
5423,便
5424,緶
5426,平
5432,緜
5433,綿
5434,棉
5449,全
5450,仝
5451,泉
5456,宣
5463,瑄
5466,鐫
5467,鋑
5485,穿
5486,川
5488,沿
5489,㳂
5490,鉛
5491,鈆
5493,捐
5494,鳶
5496,緣
5500,旋
5506,㳬
5507,琁
5508,璇
5517,娟
5524,船
5525,舩
5526,鞭
5529,編
5532,㳄
5533,涎
5534,詮
5535,銓
5536,硂
5537,痊
5541,筌
5547,荃
5552,拴
5553,專
5554,甎
5560,膞
5566,篅
5567,圌
5573,員
5574,圜
5575,圓
5576,湲
5581,栓
5585,乾
5586,虔
5587,犍
5593,揵
5594,愆
5598,褰
5599,騫
5604,權
5605,拳
5608,顴
5613,𤷄
5622,鬈
5625,蜷
5626,捲
5627,椽
5628,傳
5629,攣
5634,棬
5637,焉
5639,蔫
5641,鄢
5644,焉
5650,蕭
5651,簫
5653,蟰
5667,佻
5668,挑
5677,貂
5680,刁
5682,凋
5685,雕
5686,鵰
5688,彫
5699,迢
5700,條
5703,跳
5709,苕
5711,調
5712,鮡
5721,驍
5722,梟
5724,澆
5726,釗
5727,邀
5730,聊
5733,膫
5735,遼
5738,寥
5742,撩
5745,僚
5746,寮
5747,鐐
5750,鷯
5755,蟟
5756,瞭
5762,繚
5764,獠
5765,髎
5770,嘹
5772,堯
5774,僥
5784,幺
5794,宵
5795,消
5796,霄
5797,捎
5798,逍
5801,銷
5802,焇
5803,硝
5804,蛸
5806,哨
5809,𤞚
5813,魈
5814,超
5816,欩
5820,朝
5821,𦩻
5824,晁
5826,朝
5827,潮
5828,嚻
5829,枵
5838,樵
5839,⿳艹椎木
5841,憔
5851,撨
5853,驕
5854,嬌
5861,撟
5862,焦
5863,𤓪
5865,蕉
5869,椒
5870,茮
5879,饒
5880,橈
5883,蟯
5884,蕘
5885,燒
5887,遙
5889,傜
5893,窯
5894,窰
5897,珧
5900,姚
5901,搖
5902,謠
5911,洮
5919,瑤
5923,韶
5924,㲈
5933,昭
5935,鉊
5936,招
5937,釗
5940,飊
5941,標
5943,杓
5955,鑣
5956,𧥍
5957,臕
5958,儦
5962,瓢
5964,剽
5965,薸
5973,苗
5974,描
5976,貓
5977,猫
5978,要
5979,腰
5983,䙅
5984,邀
5987,鴞
5989,喬
5990,橋
5992,僑
5993,㝯
6000,蕎
6002,蹻
6005,鍫
6006,鐰
6012,妖
6016,夭
6017,蹻
6020,蹺
6025,𤐫
6026,漂
6029,嫖
6032,鏢
6035,飄
6042,瞟
6052,燎
6053,髎
6056,橇
6057,鞽
6058,肴
6059,餚
6060,崤
6065,姣
6068,爻
6069,淆
6071,胶
6077,交
6078,蛟
6079,茭
6081,膠
6082,鮫
6083,咬
6084,郊
6089,教
6093,鉸
6094,佼
6100,巢
6108,鐃
6117,梢
6118,捎
6124,筲
6125,鞘
6134,茅
6136,貓
6154,嘐
6159,包
6160,胞
6161,枹
6162,苞
6167,脬
6168,拋
6169,泡
6173,敲
6174,跤
6175,骹
6191,抓
6194,嘲
6196,啁
6198,鵃
6200,抄
6201,鈔
6205,庖
6206,咆
6207,匏
6208,炮
6209,炰
6210,鉋
6212,麃
6217,跑
6220,泡
6224,坳
6228,咬
6232,嘮
6238,豪
6239,號
6240,毫
6241,嗥
6242,獋
6243,濠
6244,壕
6251,高
6252,膏
6254,皋
6255,羔
6256,餻
6259,咎
6260,鼛
6262,篙
6272,勞
6273,澇
6274,牢
6275,窂
6280,醪
6281,撈
6294,蒿
6296,撓
6298,薅
6299,茠
6300,𣐾
6301,毛
6302,髦
6305,旄
6313,韜
6314,縚
6316,滔
6317,叨
6331,搯
6339,刀
6346,騷
6347,搔
6348,繅
6349,繰
6350,臊
6354,鱢
6355,⿰木叜
6356,䑹
6359,袍
6360,袌
6362,襃
6363,褒
6364,𠅬
6366,陶
6370,桃
6372,燾
6373,逃
6377,濤
6378,掏
6381,萄
6391,糟
6392,𦵩
6393,醩
6394,遭
6395,㷮
6400,敖
6401,遨
6402,翺
6403,聱
6405,熬
6411,鼇
6412,螯
6414,嗸
6415,嗷
6424,鰲
6425,曹
6426,𣍘
6427,槽
6429,嘈
6432,艚
6437,漕
6439,𤏶
6442,猱
6450,尻
6452,操
6460,歌
6461,謌
6462,柯
6467,戕
6469,哥
6471,蹉
6473,搓
6474,磋
6478,多
6479,娑
6480,挱
6481,挲
6490,駝
6491,駞
6496,陀
6499,沱
6502,池
6505,馱
6512,佗
6532,莪
6533,哦
6534,娥
6535,䄉
6536,峩
6537,鵝
6538,俄
6540,蛾
6545,佗
6546,他
6547,拕
6548,它
6552,羅
6553,蘿
6554,籮
6559,囉
6560,鑼
6565,挪
6566,儺
6571,何
6572,河
6573,荷
6574,菏
6575,苛
6576,蚵
6577,魺
6578,訶
6579,呵
6583,珂
6586,軻
6587,阿
6589,痾
6594,戈
6595,過
6597,鍋
6612,莎
6616,趖
6617,蓑
6618,唆
6621,梭
6622,𣜤
6624,婆
6626,鄱
6636,摩
6637,𩞁
6640,魔
6642,磨
6647,矬
6648,痤
6652,訛
6653,譌
6654,吪
6658,厄
6666,騾
6667,驘
6671,螺
6672,蠃
6678,腡
6682,波
6688,頗
6689,坡
6691,玻
6692,和
6693,咊
6695,禾
6701,科
6702,窠
6704,稞
6706,蝌
6709,課
6715,倭
6717,渦
6719,𡑟
6720,踒
6722,鞾
6723,靴
6730,伽
6731,茄
6732,枷
6737,迦
6742,瘸
6744,麻
6746,蟆
6749,痲
6752,車
6754,奢
6755,賖
6756,畬
6757,邪
6758,耶
6759,瑘
6762,椰
6770,遮
6774,嗟
6786,蛇
6787,虵
6789,華
6793,鋘
6794,鏵
6795,釫
6796,樺
6798,划
6799,瓜
6803,蝸
6804,媧
6806,華
6807,花
6808,譁
6810,誇
6812,夸
6814,跨
6815,胯
6818,拏
6827,嘉
6828,家
6829,加
6830,葭
6831,笳
6836,痂
6838,枷
6839,袈
6845,茄
6846,迦
6848,瘕
6853,遐
6854,蝦
6856,霞
6857,瑕
6864,葩
6865,鈀
6871,鴉
6872,鵶
6875,椏
6876,丫
6879,巴
6880,鈀
6881,笆
6883,芭
6886,吧
6887,叉
6888,杈
6889,差
6895,艖
6896,鯊
6897,魦
6898,沙
6899,砂
6900,裟
6903,紗
6907,牙
6908,衙
6909,芽
6911,呀
6914,樝
6915,柤
6921,溠
6922,渣
6930,𣘻
6931,茶
6941,衺
6942,斜
6943,邪
6946,余
6951,洼
6953,蛙
6954,窪
6955,哇
6956,髽
6961,爬
6962,杷
6963,琶
6964,楂
6965,查
6966,槎
6971,哆
6989,㤉
6994,些
6995,爹
6999,陽
7001,楊
7002,揚
7005,羊
7008,佯
7009,詳
7010,徉
7011,洋
7012,烊
7013,煬
7018,瘍
7022,蛘
7030,詳
7032,翔
7033,庠
7034,祥
7038,良
7039,梁
7040,粱
7041,粮
7042,糧
7043,涼
7044,凉
7046,量
7056,香
7058,薌
7059,鄉
7061,商
7062,𧶜
7063,傷
7065,殤
7068,湯
7080,房
7081,防
7082,坊
7083,魴
7084,方
7085,肪
7087,章
7088,漳
7089,樟
7091,璋
7092,彰
7094,障
7095,麞
7096,獐
7102,昌
7104,倡
7105,猖
7108,鯧
7109,菖
7110,羌
7111,猐
7112,𡺛
7113,蜣
7114,薑
7115,䕬
7116,畺
7117,疆
7118,壃
7121,繮
7122,韁
7123,殭
7124,礓
7126,姜
7128,僵
7129,長
7131,腸
7132,場
7137,張
7140,漲
7141,穰
7142,禳
7143,攘
7156,瓤
7158,方
7160,坊
7162,肪
7163,邡
7165,枋
7166,鈁
7171,襄
7172,廂
7173,湘
7174,相
7175,緗
7178,驤
7179,鑲
7180,瓖
7182,箱
7184,將
7185,漿
7187,蔣
7190,創
7191,瘡
7192,𠛂
7193,亡
7194,芒
7196,鋩
7197,硭
7202,望
7204,忘
7205,孃
7206,娘
7207,瓤
7209,牀
7210,床
7212,莊
7213,㽵
7214,妝
7215,裝
7217,常
7218,尚
7219,裳
7220,甞
7221,嘗
7224,償
7226,徜
7227,霜
7230,孀
7234,牆
7235,廧
7236,墻
7238,嬙
7239,檣
7240,薔
7241,蘠
7244,鏘
7246,槍
7247,蹌
7256,匡
7258,筐
7260,框
7266,眶
7269,王
7273,央
7274,鴦
7275,殃
7276,䄃
7278,秧
7281,泱
7282,強
7283,彊
7287,倀
7289,芳
7290,妨
7292,狂
7297,唐
7298,啺
7299,𥏬
7301,糖
7302,糛
7303,堂
7304,坣
7306,棠
7307,搪
7315,螳
7316,塘
7337,郎
7341,廊
7342,榔
7346,浪
7348,蜋
7350,琅
7352,㝗
7353,狼
7357,莨
7367,當
7368,鐺
7370,襠
7373,檔
7378,倉
7379,蒼
7380,鶬
7381,𩀞
7382,滄
7385,岡
7386,崗
7387,剛
7388,㓻
7390,笐
7391,鋼
7392,綱
7395,堈
7396,𤭛
7401,桑
7402,桒
7403,𠸶
7404,喪
7407,康
7408,穅
7409,糠
7421,荒
7423,肓
7426,鄺
7429,𧧢
7435,黃
7436,皇
7437,璜
7438,惶
7439,遑
7440,潢
7442,煌
7446,簧
7447,隍
7448,癀
7450,湟
7452,篁
7453,鱑
7454,蝗
7455,凰
7459,蟥
7467,光
7468,灮
7469,洸
7470,桄
7477,恍
7481,湯
7484,闛
7492,滂
7493,鎊
7497,磅
7499,汪
7511,炕
7515,航
7517,桁
7518,行
7526,杭
7529,肮
7532,吭
7533,茫
7537,恾
7538,忙
7539,朚
7541,芒
7547,臧
7548,匨
7551,贓
7553,囊
7555,傍
7557,膀
7558,髈
7562,旁
7565,螃
7571,昂
7575,藏
7577,幫
7578,縍
7582,庚
7584,更
7586,秔
7587,稉
7588,粳
7589,賡
7590,羹
7591,𩱧
7594,阬
7595,坑
7596,硎
7600,盲
7601,蝱
7608,橫
7609,黌
7613,喤
7636,觥
7641,彭
7642,澎
7643,膨
7644,蟚
7646,棚
7649,搒
7660,亨
7661,瞠
7662,橕
7663,樘
7666,鎗
7667,鐺
7668,槍
7670,傖
7674,崢
7680,英
7681,瑛
7687,亨
7688,澎
7689,平
7690,評
7691,苹
7694,坪
7697,驚
7698,京
7699,荊
7704,明
7705,盟
7706,𥁰
7708,鳴
7710,盯
7711,澄
7716,趟
7718,榮
7720,蠑
7721,瑩
7723,嶸
7724,兵
7725,兄
7726,卿
7727,生
7728,笙
7729,牲
7730,猩
7732,鉎
7733,甥
7737,擎
7742,䲔
7743,鯨
7748,迎
7749,行
7750,衡
7756,桁
7762,獰
7764,𧃱
7765,耕
7766,鏗
7767,銵
7780,羥
7785,萌
7786,氓
7787,甿
7793,浜
7795,宏
7799,嶸
7811,莖
7815,丁
7819,䟓
7822,甖
7823,罌
7825,鶯
7826,嚶
7827,櫻
7829,鸚
7835,崢
7842,錚
7854,姘
7864,轟
7865,輷
7867,揈
7868,訇
7874,繃
7877,拼
7879,橙
7887,瞪
7891,泓
7896,棚
7899,庄
7902,爭
7903,箏
7907,猙
7909,清
7911,情
7912,晴
7915,䝼
7916,精
7918,菁
7920,蜻
7921,晶
7924,睛
7926,旌
7927,旍
7931,盈
7932,嬴
7934,瀛
7936,楹
7937,贏
7943,營
7945,塋
7949,嬰
7951,纓
7955,蘡
7956,貞
7957,楨
7958,禎
7962,檉
7963,偵
7968,蟶
7970,成
7971,𢦩
7972,城
7973,誠
7974,宬
7977,盛
7980,呈
7981,程
7982,酲
7987,聲
7988,征
7989,𨒌
7993,鉦
7994,怔
7995,正
8001,輕
8004,名
8005,洺
8009,栟
8012,傾
8013,頃
8014,餳
8015,縈
8020,瓊
8021,璚
8022,煢
8023,焭
8041,頸
8046,青
8048,鯖
8049,蜻
8051,經
8052,涇
8055,㓝
8056,刑
8057,形
8058,邢
8063,型
8064,陘
8066,硎
8069,㼛
8070,𤭓
8072,庭
8073,停
8078,亭
8080,霆
8089,蜓
8090,廷
8091,㹶
8093,丁
8094,釘
8095,玎
8097,靪
8099,仃
8100,叮
8101,馨
8104,星
8105,曐
8106,腥
8112,鉎
8114,猩
8115,惺
8122,姘
8124,靈
8125,霛
8126,𩆈
8129,齡
8132,囹
8133,鴒
8135,蛉
8136,鈴
8139,苓
8143,伶
8145,瓴
8147,拎
8152,玲
8156,聆
8163,零
8165,令
8171,翎
8180,酃
8208,羚
8211,寧
8218,嚀
8219,聹
8220,汀
8224,聽
8225,廳
8234,冥
8236,銘
8238,溟
8240,螟
8244,瞑
8248,暝
8249,瓶
8250,缾
8253,屏
8257,萍
8258,蓱
8264,熒
8266,螢
8267,滎
8278,蒸
8279,䒱
8280,烝
8285,承
8286,丞
8288,澂
8289,澄
8290,瞪
8292,懲
8293,陵
8294,淩
8295,夌
8296,綾
8297,凌
8298,𠗲
8299,蔆
8300,菱
8301,䔖
8303,鯪
8304,崚
8311,膺
8312,應
8314,鷹
8315,凭
8317,憑
8320,冫
8321,冰
8323,蠅
8324,繩
8328,乘
8329,椉
8330,𠅞
8331,澠
8333,塍
8334,塖
8336,升
8337,昇
8339,勝
8341,仍
8342,艿
8346,扔
8349,兢
8350,矜
8351,徵
8353,癥
8355,繒
8361,凝
8362,興
8365,稱
8367,偁
8374,睖
8377,登
8379,燈
8385,楞
8386,棱
8387,稜
8391,僧
8394,崩
8395,增
8396,憎
8398,曾
8400,罾
8411,層
8412,曾
8414,朋
8416,鵬
8417,棚
8420,弘
8423,肱
8425,薨
8430,能
8431,騰
8432,滕
8436,藤
8437,謄
8440,𤻴
8441,鰧
8443,恆
8444,𢛢
8447,緪
8448,絙
8455,尤
8458,疣
8459,肬
8460,𪐤
8462,郵
8464,憂
8465,優
8481,劉
8482,留
8485,摎
8487,騮
8491,流
8492,㳅
8493,飂
8494,飀
8495,瘤
8496,榴
8498,旒
8499,瑠
8504,瀏
8507,鰡
8510,鎦
8515,餾
8520,硫
8521,遛
8523,憀
8524,鏐
8525,秋
8526,秌
8527,鞧
8528,緧
8529,𦃈
8530,鞦
8531,湫
8533,鰍
8534,楸
8542,猷
8543,猶
8544,悠
8545,油
8546,由
8547,攸
8554,輶
8557,蚰
8558,蝣
8562,斿
8563,游
8564,遊
8588,牛
8595,𩭓
8596,揂
8597,揫
8601,酋
8603,遒
8612,修
8613,羞
8618,抽
8619,𢭆
8620,㨨
8623,惆
8624,瘳
8628,㲃
8629,犫
8630,犨
8631,周
8632,州
8635,洲
8637,喌
8638,舟
8641,讎
8645,酬
8646,醻
8652,柔
8657,蹂
8659,鞣
8664,揉
8668,收
8669,丘
8670,丠
8672,蚯
8673,邱
8682,鳩
8688,鬮
8689,丩
8690,龜
8691,勼
8692,不
8697,𢯱
8698,搜
8699,𩜯
8700,䬒
8701,𣸈
8704,蒐
8714,搊
8720,謅
8721,鄒
8722,鄹
8724,騶
8736,愁
8738,休
8739,貅
8741,鵂
8749,咻
8751,囚
8752,泅
8753,汓
8757,儔
8759,躊
8760,幬
8761,𢃖
8764,疇
8765,紬
8766,綢
8767,稠
8771,籌
8775,椆
8785,輈
8789,侜
8796,𧚍
8797,裘
8798,仇
8801,求
8802,𡨃
8806,逑
8807,球
8808,璆
8818,俅
8829,毬
8839,訄
8840,浮
8842,桴
8845,罦
8850,罘
8854,蜉
8855,烰
8864,謀
8866,雺
8867,眸
8868,牟
8869,侔
8870,矛
8871,𢦵
8879,蝥
8880,蟊
8887,繆
8889,侯
8890,矦
8891,𥎦
8897,猴
8902,喉
8903,篌
8907,瘊
8913,謳
8914,嘔
8915,歐
8916,甌
8917,區
8918,漚
8919,鷗
8920,䁱
8921,瞘
8933,樓
8934,婁
8938,蔞
8942,僂
8944,耬
8945,髏
8946,膢
8949,摟
8950,嘍
8951,瞜
8952,螻
8953,簍
8970,摳
8975,夠
8977,齁
8981,陬
8984,諏
8985,偷
8989,頭
8991,投
8993,骰
9005,鉤
9007,溝
9011,篝
9018,枸
9019,句
9021,夠
9023,兜
9026,篼
9034,鯫
9047,幽
9054,虯
9061,彪
9081,繆
9084,侵
9085,𢔀
9087,浸
9091,尋
9092,𢒫
9094,潯
9103,撏
9107,林
9108,琳
9109,淋
9110,臨
9114,霖
9115,琛
9120,郴
9122,斟
9123,針
9124,鍼
9126,箴
9131,沈
9132,沉
9139,鈂
9140,碪
9141,砧
9142,椹
9143,枮
9145,諶
9146,愖
9147,訦
9148,忱
9152,任
9155,壬
9156,紝
9159,深
9161,淫
9171,撢
9176,心
9180,愔
9204,琴
9205,㩒
9206,捦
9207,擒
9208,黔
9209,禽
9210,芩
9226,欽
9231,吟
9232,訡
9233,䪩
9234,唫
9241,歆
9245,金
9246,今
9248,衿
9249,襟
9250,䘳
9251,禁
9255,音
9256,陰
9258,瘖
9261,喑
9263,森
9264,參
9265,曑
9266,蔘
9273,岑
9275,㞥
9282,兂
9283,簪
9286,嵾
9287,參
9293,覃
9295,潭
9296,曇
9300,譚
9303,壜
9309,𧂇
9310,蕁
9315,參
9316,驂
9320,南
9321,男
9322,柟
9323,楠
9327,諳
9330,庵
9337,盦
9339,含
9340,涵
9345,函
9361,婪
9362,惏
9364,嵐
9366,啉
9367,蠶
9372,簪
9379,探
9381,貪
9382,抩
9383,耽
9385,眈
9386,酖
9392,龕
9395,堪
9396,戡
9421,談
9425,淡
9426,痰
9427,澹
9432,甘
9433,柑
9435,苷
9436,泔
9439,擔
9444,三
9445,參
9446,弎
9448,鬖
9449,藍
9450,襤
9453,籃
9460,坩
9462,聃
9465,㘱
9470,慙
9471,慚
9475,酣
9485,蚶
9488,歛
9489,憨
9490,鹽
9491,𥂁
9493,閻
9494,壛
9496,檐
9497,簷
9498,櫩
9505,廉
9506,鐮
9507,鎌
9510,簾
9514,匳
9522,帘
9525,砭
9528,暹
9534,纖
9540,籤
9546,僉
9548,㡨
9550,詹
9551,瞻
9552,占
9553,蟾
9558,蟾
9559,苫
9570,妗
9573,𩓾
9574,髯
9575,蚺
9580,冉
9585,黏
9586,粘
9587,䬯
9588,炎
9589,霑
9590,沾
9593,𡝫
9594,淹
9597,醃
9599,閹
9603,尖
9604,殲
9606,㡨
9616,潛
9625,箝
9626,鉗
9630,拑
9631,黔
9658,添
9663,敁
9664,佔
9670,甜
9671,恬
9679,濂
9682,謙
9684,兼
9688,蒹
9691,嫌
9693,鮎
9694,䬯
9695,拈
9702,妗
9703,咸
9704,鹹
9705,醎
9706,函
9714,緘
9718,尲
9722,攕
9723,摻
9724,檆
9725,杉
9726,櫼
9734,淊
9736,喦
9743,碞
9755,諵
9756,喃
9757,讒
9760,饞
9765,攙
9770,鵮
9777,銜
9779,巉
9787,讒
9788,巖
9789,礹
9791,攙
9792,衫
9797,芟
9800,監
9806,嵌
9807,嚴
9810,杴
9814,醃
9815,腌
9818,凡
9819,帆
9823,颿
9827,董
9830,𢤦
9834,蠓
9839,曚
9840,懵
9841,孔
9847,桶
9849,捅
9850,緫
9851,揔
9852,𢝰
9856,蓯
9864,偬
9869,汞
9870,蓊
9877,塕
9888,籠
9889,攏
9895,動
9896,𨔝
9901,桶
9906,埲
9907,腫
9908,種
9909,踵
9913,寵
9916,隴
9917,壠
9919,擁
9920,𢶜
9921,壅
9922,宂
9923,⿱丿𠔿
9926,𣭲
9927,氄
9934,重
9938,冢
9939,塚
9940,奉
9941,唪
9942,捧
9943,勇
9944,恿
9945,涌
9946,甬
9947,踊
9948,慂
9954,蛹
9956,俑
9958,恐
9959,𢖶
9964,拱
9967,鞏
9969,孓
9979,巩
9982,悚
9983,竦
9984,慫
9985,聳
9987,㩳
9993,詾
10007,講
10008,港
10010,耩
10011,㭋
10012,棒
10013,棓
10016,蚌
10017,蜯
10022,項
10028,紙
10029,帋
10030,只
10033,枳
10034,咫
10037,砥
10044,是
10045,氏
10055,靡
10062,彼
10067,被
10068,罷
10069,毀
10070,燬
10079,委
10084,跪
10086,詭
10105,髓
10110,絫
10111,累
10113,䉂
10116,技
10117,妓
10118,徛
10122,倚
10124,椅
10134,綺
10141,螘
10142,蟻
10143,蛾
10162,觜
10163,㭰
10164,蘂
10165,蕊
10168,此
10169,跐
10172,泚
10177,豸
10189,徙
10190,壐
10191,璽
10217,𢔌
10218,俾
10227,爾
10229,邇
10234,瀰
10235,羋
10242,婢
10244,侈
10259,弛
10260,豕
10262,紫
10271,捶
10276,揣
10279,舓
10280,𦧇
10281,舐
10290,疕
10306,旎
10312,跪
10313,褫
10319,企
10324,旨
10325,指
10330,砥
10332,視
10333,眡
10334,眎
10335,美
10336,媺
10340,鄙
10343,痞
10351,几
10352,𪊨
10353,麂
10360,姊
10363,妣
10364,秕
10365,比
10372,軌
10375,晷
10388,矢
10389,𠂕
10390,𦳊
10391,屎
10392,雉
10395,死
10397,履
10398,水
10399,壘
10409,誄
10410,耒
10422,癸
10424,否
10435,疕
10441,唯
10455,黹
10468,止
10470,沚
10471,洔
10473,趾
10474,址
10476,芷
10478,市
10479,恃
10484,喜
10486,蟢
10487,紀
10488,己
10491,以
10492,㠯
10493,已
10494,苡
10495,苢
10498,似
10499,佀
10500,祀
10501,𥘰
10502,禩
10503,姒
10504,巳
10513,史
10514,使
10515,駛
10517,耳
10522,里
10523,裏
10524,鯉
10526,李
10528,理
10529,娌
10530,俚
10539,始
10542,峙
10543,痔
10549,起
10551,杞
10554,芑
10555,士
10556,仕
10557,𣐈
10560,俟
10561,竢
10567,子
10568,㜽
10569,仔
10573,梓
10574,杍
10575,矣
10577,擬
10583,齒
10585,恥
10586,祉
10587,褫
10591,滓
10598,伱
10600,尾
10604,娓
10614,豈
10616,蟣
10617,幾
10620,斐
10623,悱
10627,匪
10631,榧
10634,蜚
10635,韙
10636,煒
10638,偉
10639,瑋
10640,葦
10648,鬼
10653,卉
10669,語
10672,圉
10674,圄
10676,齬
10679,禦
10681,呂
10682,膂
10683,旅
10686,穭
10689,侶
10694,佇
10696,芧
10697,苧
10698,紵
10699,杼
10703,與
10704,与
10705,𢌱
10707,予
10710,䰞
10711,煑
10713,渚
10714,汝
10720,暑
10721,鼠
10722,黍
10725,杵
10726,處
10727,貯
10728,𡪄
10730,褚
10733,著
10745,楮
10746,柠
10747,褚
10748,女
10750,許
10752,巨
10753,拒
10755,距
10756,𧣒
10757,炬
10763,苣
10770,所
10771,𠩄
10774,疋
10777,楚
10778,礎
10783,憷
10785,阻
10786,俎
10787,齟
10797,舉
10807,敘
10808,緒
10810,序
10813,嶼
10818,去
10824,抒
10826,野
10827,墅
10830,咀
10835,羽
10836,禹
10837,雨
10838,宇
10839,㝢
10842,栩
10850,聚
10852,甫
10853,脯
10854,斧
10855,頫
10856,俯
10857,府
10858,腑
10862,莆
10864,俌
10872,武
10873,舞
10874,儛
10875,嫵
10876,侮
10882,廡
10883,𢋑
10886,鵡
10887,䳇
10896,父
10897,輔
10900,腐
10908,鬴
10909,釜
10911,撫
10912,𢻬
10915,拊
10916,殕
10919,剖
10924,柱
10927,詡
10931,栩
10938,煦
10939,豎
10940,竪
10941,樹
10943,庾
10949,愈
10955,主
10959,炷
10961,噢
10963,齲
10966,拄
10967,柱
10970,乳
10971,擩
10975,數
10977,矩
10978,榘
10986,蒟
10988,取
10989,縷
10992,褸
11006,姥
11009,媽
11012,土
11013,吐
11016,杜
11021,肚
11025,魯
11026,櫓
11027,滷
11028,虜
11029,擄
11031,𢲸
11037,鹵
11044,覩
11045,睹
11047,賭
11048,堵
11049,肚
11055,古
11056,鼓
11057,鼔
11058,瞽
11059,股
11060,𦙶
11062,蠱
11063,估
11064,盬
11065,鈷
11068,詁
11069,牯
11070,賈
11075,𥂩
11076,五
11077,午
11079,伍
11080,仵
11081,簿
11082,部
11083,粗
11088,祖
11090,組
11094,虎
11095,琥
11096,戽
11097,滸
11101,隖
11102,塢
11111,苦
11113,怒
11114,弩
11116,努
11118,戶
11120,扈
11121,怙
11139,滬
11141,普
11144,浦
11146,補
11147,譜
11148,圃
11149,薺
11154,禮
11155,礼
11157,蠡
11161,鱧
11162,鱺
11170,體
11171,軆
11178,䫌
11179,濟
11181,䍤
11185,底
11189,抵
11190,牴
11197,弟
11198,娣
11199,悌
11201,遞
11211,坭
11217,洗
11218,洒
11225,啟
11226,棨
11230,稽
11233,启
11245,米
11246,眯
11252,陛
11270,蟹
11271,䲒
11272,解
11274,澥
11277,買
11288,嬭
11289,㚷
11290,罷
11296,矮
11297,㢊
11298,躷
11299,擺
11300,捭
11301,解
11304,灑
11309,枴
11311,夥
11314,拐
11317,駭
11321,楷
11329,挨
11331,賄
11332,𧶅
11335,悔
11338,猥
11348,磥
11349,磊
11350,癗
11358,蕾
11359,儡
11371,辠
11372,罪
11373,㠑
11376,每
11377,挴
11380,骽
11381,腿
11392,匯
11399,傀
11408,餒
11427,璀
11432,痱
11437,海
11440,愷
11441,凱
11442,颽
11445,鎧
11449,宰
11452,載
11454,殆
11455,待
11456,怠
11464,乃
11465,迺
11467,改
11470,亥
11474,啡
11475,采
11476,採
11479,彩
11483,等
11486,在
11492,挨
11500,倍
11503,軫
11504,縝
11505,胗
11506,疹
11507,畛
11508,賑
11512,紾
11513,縝
11515,診
11524,稹
11527,腎
11533,忍
11551,緊
11555,盡
11558,盡
11559,牝
11561,臏
11568,笉
11569,窘
11570,僒
11575,菌
11579,囷
11580,引
11581,𢎢
11582,蚓
11583,螾
11596,憫
11597,閔
11598,敏
11608,泯
11612,黽
11613,澠
11618,殞
11621,隕
11625,準
11626,准
11629,尹
11631,允
11637,筍
11638,笋
11640,鵻
11641,隼
11648,蠢
11649,𢧨
11657,盾
11659,吮
11674,吻
11675,𦝮
11676,刎
11677,抆
11678,伆
11681,粉
11683,扮
11684,憤
11685,𢤬
11698,忿
11700,惲
11701,薀
11702,蘊
11703,韞
11721,隱
11723,𤻘
11732,謹
11735,槿
11747,近
11751,䘆
11752,阮
11755,遠
11757,偃
11773,蹇
11775,楗
11776,鍵
11785,䘆
11787,晚
11788,娩
11789,挽
11790,輓
11794,反
11796,阪
11797,坂
11798,返
11801,圈
11802,菌
11804,婉
11805,菀
11806,苑
11810,畹
11812,宛
11813,惌
11817,䘼
11839,飯
11843,混
11845,渾
11847,焜
11849,棍
11860,忖
11863,本
11864,畚
11865,𤲙
11867,㡷
11868,苯
11869,損
11874,撙
11879,穩
11882,囤
11884,盾
11885,沌
11886,坉
11888,遁
11889,遯
11891,鱒
11894,袞
11897,輥
11906,吨
11908,閫
11911,稛
11921,碖
11922,獖
11923,笨
11930,很
11932,墾
11933,懇
11934,齦
11938,旱
11947,疸
11950,担
11951,坦
11953,散
11954,𢽳
11955,𢿱
11961,傘
11964,但
11966,袒
11967,襢
11968,誕
11972,膻
11978,笴
11979,簳
11983,稈
11984,秆
11990,嬾
11991,懶
11995,侃
11997,䍐
12002,焊
12003,熯
12005,緩
12013,棵
12017,晥
12019,短
12020,𢭃
12021,斷
12023,椀
12024,盌
12026,疃
12027,𤲫
12028,瘓
12030,算
12034,管
12035,筦
12046,卵
12047,款
12048,歀
12049,欵
12053,棵
12055,煗
12056,㬉
12057,暖
12058,煖
12062,纂
12065,儹
12070,伴
12072,拌
12073,滿
12077,鏋
12084,斷
12085,𩏇
12086,緞
12091,綰
12092,版
12093,板
12101,赧
12115,皖
12117,阪
12127,撰
12128,饌
12129,產
12139,限
12145,簡
12148,𧟉
12149,柬
12150,暕
12151,揀
12152,剗
12153,鏟
12155,羼
12166,眼
12168,琖
12169,盞
12170,𧣴
12174,銑
12175,洗
12176,跣
12180,箲
12181,筅
12185,腆
12192,靦
12200,典
12205,蝘
12213,繭
12214,絸
12215,蠒
12216,𥀹
12217,趼
12221,筧
12231,蜆
12239,顯
12241,蜆
12247,眄
12248,撚
12250,蹨
12252,編
12253,匾
12261,扁
12263,泫
12284,汱
12285,辮
12292,犬
12303,鮮
12306,癬
12312,蘚
12313,演
12314,衍
12321,踐
12323,餞
12328,展
12329,㞡
12332,輾
12358,淺
12359,闡
12368,遣
12369,繾
12376,蹇
12377,謇
12387,善
12388,譱
12390,鱓
12392,單
12394,鄯
12398,翦
12399,剪
12401,戩
12418,輦
12421,璉
12423,僆
12434,件
12436,鍵
12437,鑳
12438,辯
12439,䛒
12441,辨
12443,緬
12444,沔
12445,汅
12446,湎
12458,雋
12459,隽
12467,兗
12481,轉
12483,卷
12486,𨹵
12487,捲
12489,圈
12492,輭
12493,軟
12494,蝡
12510,舛
12511,喘
12521,篆
12526,䧘
12537,選
12540,撰
12552,免
12553,娩
12554,勉
12558,冕
12559,絻
12570,䁴
12575,棧
12577,篠
12578,筱
12584,皎
12591,繳
12596,鳥
12600,釕
12606,了
12607,蓼
12608,瞭
12617,撩
12624,曉
12627,杳
12629,窈
12643,嫋
12647,嬈
12653,芍
12654,𦯪
12656,窕
12660,掉
12662,挑
12671,小
12674,肈
12676,兆
12677,趙
12685,沼
12689,殀
12693,少
12696,擾
12697,𢹎
12698,繞
12705,鰾
12709,膘
12716,縹
12722,瞟
12723,膘
12724,眇
12725,渺
12728,淼
12729,杪
12730,秒
12731,藐
12734,紹
12735,綤
12739,矯
12743,撟
12751,表
12752,𧘝
12753,𧞧
12757,標
12769,舀
12770,𦥨
12771,抭
12774,悄
12777,𠞰
12778,𠟯
12779,勦
12787,燎
12797,巧
12805,飽
12806,𩜿
12807,𩛁
12809,撓
12811,卯
12812,戼
12816,昴
12818,絞
12819,狡
12821,攪
12824,𢯴
12825,鉸
12827,姣
12832,㽱
12833,爪
12834,㕚
12837,笊
12839,抓
12841,拗
12846,鮑
12850,齩
12853,煼
12854,𩱦
12855,𤌉
12856,炒
12859,吵
12864,晧
12868,鎬
12869,浩
12870,顥
12880,抱
12881,老
12886,潦
12888,栳
12895,討
12896,𡘷
12898,道
12899,衟
12900,𡬹
12901,稻
12905,堖
12906,腦
12907,𠜶
12908,惱
12909,碯
12914,㛮
12915,嫂
12916,㛐
12917,燥
12918,埽
12919,掃
12920,𦺋
12921,倒
12922,擣
12923,㨶
12924,㠀
12928,禱
12932,草
12933,艸
12936,騲
12939,早
12940,澡
12941,藻
12942,薻
12943,𧎮
12944,蚤
12948,棗
12950,繅
12951,皁
12953,造
12955,暠
12956,𣓌
12958,稾
12959,藁
12961,縞
12966,好
12972,寶
12973,珤
12974,保
12975,𣎼
12976,堢
12977,堡
12978,褓
12980,鴇
12981,葆
12987,襖
12989,懊
12993,媼
12996,㤇
13001,考
13002,攷
13003,栲
13004,槁
13006,洘
13007,燺
13014,舸
13022,哆
13029,柁
13030,舵
13037,我
13053,娜
13058,荷
13065,可
13068,坷
13076,左
13079,果
13080,菓
13085,裹
13089,粿
13094,朵
13095,朶
13098,鍺
13105,鎖
13106,瑣
13117,墮
13118,垛
13126,惰
13131,妥
13137,橢
13140,麼
13143,坐
13144,𡋲
13147,裸
13148,躶
13149,𧝹
13150,臝
13151,卵
13152,瘰
13153,𤼠
13157,倭
13161,跛
13162,簸
13165,叵
13167,頗
13169,禍
13170,𥙯
13171,夥
13176,火
13178,顆
13181,爸
13185,馬
13186,碼
13188,罵
13192,者
13193,赭
13195,野
13196,壄
13197,也
13198,冶
13200,雅
13208,假
13209,叚
13210,賈
13213,椵
13215,灑
13216,啞
13217,瘂
13218,𤺘
13222,下
13223,丅
13224,夏
13225,廈
13226,寫
13231,乜
13232,且
13234,閜
13236,社
13243,捨
13244,舍
13248,姐
13251,把
13263,寡
13264,冎
13265,剮
13271,瓦
13274,惹
13276,鮓
13280,痄
13288,撦
13293,骻
13302,傻
13303,奼
13305,養
13306,痒
13307,癢
13308,瀁
13312,像
13313,象
13315,橡
13323,㢡
13324,獎
13325,䉃
13326,槳
13327,㯍
13328,蔣
13329,㒳
13330,兩
13334,蜽
13335,魎
13337,鞅
13348,勥
13349,彊
13353,仰
13357,磢
13360,搶
13362,愴
13363,想
13364,鯗
13365,掌
13368,𠁊
13369,爽
13377,響
13378,饗
13381,亯
13382,亨
13383,嚮
13385,敞
13387,氅
13388,𪅶
13389,廠
13392,繈
13393,鏹
13394,襁
13395,膙
13397,丈
13398,杖
13399,仗
13401,昶
13403,獷
13404,壤
13409,攘
13412,賞
13414,𩞃
13417,髣
13418,彷
13419,仿
13420,紡
13423,网
13424,網
13425,罔
13426,輞
13427,棢
13428,惘
13433,蛧
13434,魍
13436,倣
13437,放
13439,枉
13443,往
13446,𧧢
13447,搶
13448,摤
13449,長
13450,上
13451,丄
13456,逛
13460,䉃
13461,蕩
13469,盪
13476,磉
13477,廣
13479,榜
13487,髒
13488,曩
13490,沆
13491,骯
13508,莽
13515,蟒
13518,黨
13523,朗
13524,朖
13525,誏
13529,㝗
13532,映
13540,慷
13541,忼
13547,炕
13550,晃
13551,幌
13553,榥
13559,慌
13565,𧧢
13574,酐
13579,梗
13581,哽
13584,鯁
13585,埂
13588,丙
13592,炳
13593,秉
13597,警
13598,儆
13599,景
13600,境
13605,影
13613,省
13615,㾪
13622,永
13625,皿
13628,憬
13634,杏
13635,莕
13636,荇
13637,猛
13639,蜢
13640,艋
13643,礦
13644,鑛
13645,𨥑
13648,獷
13653,盯
13658,打
13659,冷
13664,檸
13665,耿
13671,幸
13672,𡴘
13673,倖
13676,𩶁
13677,蠯
13678,螷
13680,靜
13681,睜
13683,靖
13686,穽
13687,阱
13690,整
13691,⿱⿰来攵正
13692,逞
13693,騁
13698,郢
13701,痙
13703,潁
13704,穎
13705,領
13706,嶺
13707,阾
13711,頸
13712,餅
13715,併
13717,頃
13718,𩓏
13720,檾
13721,苘
13722,䔛
13723,丼
13730,請
13732,省
13742,迥
13749,炯
13755,茗
13757,酩
13762,頂
13763,𩠑
13764,𩕢
13767,鼎
13769,酊
13773,打
13775,挺
13776,艇
13777,鋌
13806,濘
13808,婞
13815,醒
13833,竝
13834,並
13840,拯
13841,抍
13842,撜
13848,等
13851,肯
13852,肎
13854,有
13855,右
13857,友
13858,㕛
13863,柳
13874,綹
13877,狃
13878,紐
13879,鈕
13882,扭
13887,丑
13890,肘
13893,扭
13894,朽
13895,㱙
13898,久
13899,九
13900,玖
13901,灸
13902,韭
13905,首
13906,𩠐
13908,手
13909,守
13911,醜
13916,婦
13918,負
13921,阜
13922,𨸏
13931,缶
13933,否
13937,殕
13939,糗
13950,舅
13952,臼
13956,咎
13961,紂
13962,䈙
13967,酉
13968,丣
13969,誘
13970,㕗
13971,䛻
13972,牖
13976,莠
13988,受
13989,壽
13992,綬
13999,懮
14000,酒
14002,帚
14003,箒
14017,厚
14018,垕
14019,後
14020,𨒥
14021,后
14024,母
14025,牡
14026,某
14027,拇
14029,𠭇
14030,畮
14031,畞
14038,部
14048,斗
14049,㪷
14051,蚪
14052,阧
14053,陡
14054,抖
14065,苟
14067,狗
14068,垢
14069,笱
14073,枸
14078,藕
14079,蕅
14080,偶
14081,耦
14092,叜
14093,叟
14094,𠋢
14095,嗾
14099,擻
14100,藪
14107,吼
14108,吽
14109,呴
14114,剖
14119,歐
14120,嘔
14121,毆
14128,簍
14136,走
14137,口
14138,扣
14142,叩
14155,取
14158,黝
14165,糾
14166,赳
14168,鬮
14170,寑
14171,𡪢
14172,寢
14173,梫
14174,㾛
14179,朕
14180,𦩎
14186,廩
14187,㐭
14188,懍
14190,凜
14203,荏
14204,飪
14205,餁
14207,稔
14210,袵
14217,枕
14220,沈
14221,邥
14222,宷
14223,審
14234,葚
14235,𣞵
14236,甚
14238,瀋
14241,磣
14247,錦
14248,蕈
14254,稟
14255,㱃
14256,飲
14258,品
14266,感
14267,𥸡
14272,贛
14273,㔶
14291,譚
14295,揞
14296,唵
14317,慘
14320,黲
14339,坎
14349,頷
14352,撼
14372,漤
14376,衴
14384,敢
14385,𠭖
14386,𣪏
14387,𢽤
14388,橄
14393,覽
14395,擥
14396,攬
14397,欖
14398,罱
14403,毯
14407,膽
14414,啖
14418,淡
14424,䭕
14426,鏨
14429,喊
14430,嚂
14433,埯
14441,燄
14442,淡
14448,斂
14449,撿
14461,險
14469,貶
14481,儉
14482,芡
14483,檢
14489,魘
14490,厴
14492,酓
14493,冉
14495,苒
14496,染
14503,陝
14505,閃
14511,諂
14512,讇
14513,奄
14518,掩
14524,弇
14529,漸
14536,鏨
14541,𩟗
14544,忝
14549,淰
14553,點
14554,玷
14556,㓠
14558,簟
14565,歉
14566,慊
14577,儼
14587,埯
14592,喊
14597,湛
14598,㴴
14600,㦿
14602,歉
14607,鹼
14608,鹻
14609,減
14612,嶃
14614,臉
14616,斬
14619,闞
14621,摻
14625,黯
14626,喊
14632,檻
14633,艦
14637,濫
14651,范
14652,範
14655,犯
14663,釩
14666,送
14669,鳳
14670,𠤈
14671,貢
14672,贛
14681,弄
14684,礱
14689,凍
14690,棟
14695,控
14699,空
14701,糉
14702,粽
14708,瓮
14709,甕
14710,𦉥
14712,𪖵
14715,洞
14716,恫
14720,峒
14723,慟
14725,駧
14726,衕
14731,痛
14732,仲
14735,諷
14736,風
14740,㝱
14741,夢
14755,中
14757,哄
14760,鬨
14761,蕻
14762,齈
14764,眾
14765,銃
14768,戇
14769,宋
14770,綜
14771,䝋
14773,統
14778,用
14779,頌
14780,誦
14781,訟
14783,俸
14785,縫
14787,共
14790,供
14792,雍
14794,㙲
14798,縱
14805,種
14807,㼿
14808,重
14814,恐
14815,𢖶
14819,絳
14820,虹
14821,降
14822,𡲣
14824,巷
14825,衖
14827,戇
14831,幢
14832,撞
14837,肨
14849,避
14850,惴
14853,詈
14854,荔
14855,離
14859,豉
14860,𢻃
14868,𦎸
14869,賜
14875,爲
14892,被
14897,累
14898,寄
14901,臂
14910,刺
14911,刾
14920,易
14927,議
14928,誼
14929,竩
14932,義
14933,譬
14935,漬
14936,眥
14943,智
14944,𣉻
14949,縋
14950,膇
14956,吹
14959,戲
14961,企
14966,吱
14967,縊
14970,翅
14971,翄
14972,𦐊
14973,施
14975,啻
14989,餧
14993,僞
14994,毀
14997,睡
14998,瑞
15013,諉
15022,至
15023,摯
15024,贄
15025,鷙
15035,位
15037,媚
15038,魅
15039,鬽
15046,遂
15048,隧
15056,燧
15066,𥝩
15067,穗
15070,醉
15072,邃
15073,祟
15075,粹
15081,類
15082,淚
15090,祕
15091,毖
15093,轡
15096,泌
15098,費
15108,饋
15109,餽
15111,櫃
15122,備
15123,俻
15124,𤰇
15125,𤰈
15139,媿
15140,愧
15141,聭
15142,謉
15145,帥
15146,率
15158,嗜
15159,𩝙
15160,𨢍
15161,視
15162,眎
15163,眡
15164,利
15165,𥝤
15167,莅
15169,痢
15172,膩
15173,𦡸
15176,屁
15177,䊧
15179,致
15184,躓
15192,質
15194,棄
15195,弃
15199,緻
15200,稚
15205,治
15211,寐
15221,冀
15222,兾
15223,覬
15225,驥
15226,𩥉
15230,暨
15236,悸
15241,翠
15244,二
15245,弍
15246,貳
15249,恣
15251,次
15260,懿
15267,四
15268,亖
15269,𠃢
15270,肆
15271,𩬶
15273,泗
15277,駟
15281,器
15282,季
15284,鼻
15297,痹
15298,畀
15299,庇
15304,箅
15305,萃
15307,悴
15310,瘁
15311,地
15312,墬
15320,肄
15325,隶
15328,示
15329,諡
15330,謚
15333,自
15334,嫉
15335,墜
15338,出
15339,遺
15354,志
15357,誌
15358,痣
15360,識
15361,幟
15362,值
15364,治
15367,寺
15368,嗣
15369,孠
15370,飤
15371,飼
15372,蛓
15373,蚝
15374,螆
15375,𧉠
15376,笥
15377,伺
15378,思
15380,試
15381,弒
15390,吏
15392,字
15393,牸
15396,芓
15403,餌
15404,𩱓
15419,駛
15420,使
15426,廁
15427,異
15430,食
15431,已
15434,置
15436,侍
15437,蒔
15438,秲
15439,事
15440,𩛌
15441,忌
15454,熾
15462,意
15466,記
15468,嬉
15479,未
15480,味
15484,沬
15487,貴
15490,胃
15491,謂
15495,緯
15496,彙
15497,蝟
15498,渭
15507,魏
15509,沸
15510,疿
15513,誹
15520,費
15529,尉
15530,㷉
15531,熨
15532,慰
15533,畏
15536,蔚
15541,諱
15542,卉
15543,芔
15547,狒
15550,怫
15556,翡
15560,痱
15569,既
15570,暨
15572,溉
15576,毅
15583,氣
15584,炁
15589,唏
15609,御
15610,馭
15611,語
15612,慮
15616,鑢
15621,據
15622,鋸
15623,倨
15624,踞
15631,覰
15632,䁦
15639,去
15647,署
15648,藷
15649,薯
15650,曙
15651,恕
15652,庶
15655,著
15656,箸
15658,翥
15666,疏
15669,飫
15671,瘀
15676,菸
15679,箸
15680,筯
15689,絮
15690,助
15694,沮
15695,詛
15699,如
15700,豫
15701,預
15702,譽
15717,與
15723,楚
15725,處
15726,𠁅
15731,遇
15732,寓
15733,庽
15738,嫗
15741,樹
15747,住
15751,附
15755,駙
15756,鮒
15761,注
15762,疰
15765,鑄
15767,註
15768,炷
15776,蛀
15778,句
15787,昫
15793,戍
15795,輸
15801,裕
15802,䘱
15804,諭
15805,喻
15806,籲
15808,孺
15809,𡦗
15812,赴
15818,訃
15823,務
15824,婺
15825,霧
15826,霚
15836,鶩
15838,足
15839,懼
15840,具
15843,芋
15844,雨
15845,羽
15847,吁
15849,聚
15851,數
15853,付
15854,賦
15855,傅
15859,娶
15860,趣
15861,註
15863,駐
15865,住
15878,屢
15880,暮
15881,慕
15882,募
15883,墓
15886,渡
15888,鍍
15889,度
15891,路
15892,露
15893,潞
15895,鷺
15896,璐
15897,賂
15904,妒
15905,妬
15912,蠹
15916,菟
15917,兔
15918,吐
15920,顧
15921,頋
15922,雇
15924,故
15927,痼
15928,固
15929,錮
15930,㽽
15934,凅
15935,誤
15936,悞
15937,寤
15938,忤
15939,啎
15940,迕
15941,遻
15942,晤
15943,悟
15947,娛
15949,護
15950,瓠
15954,互
15966,訴
15967,愬
15968,𧪜
15969,泝
15970,遡
15971,素
15973,嗉
15974,膆
15976,塑
15981,祚
15989,怒
15990,布
15992,佈
15996,汙
15997,惡
15998,噁
16000,怖
16001,悑
16002,鋪
16005,厝
16006,措
16007,醋
16008,錯
16010,絝
16011,袴
16012,庫
16017,捕
16018,哺
16019,步
16031,戽
16032,作
16033,霽
16036,濟
16037,擠
16041,帝
16043,嚏
16044,啑
16046,蔕
16060,趆
16063,渧
16066,劑
16067,穧
16075,替
16076,𤾕
16077,暜
16078,㬱
16079,鬀
16080,剃
16084,涕
16087,𡲕
16095,第
16096,弟
16100,締
16103,娣
16111,題
16112,遞
16123,逮
16124,砌
16125,切
16132,細
16133,𥿳
16134,些
16136,壻
16138,詣
16139,𢏗
16140,羿
16142,睨
16149,計
16150,係
16151,繼
16152,繫
16153,薊
16154,髻
16164,系
16165,𦃟
16167,禊
16168,繫
16169,瘛
16175,契
16185,翳
16192,瞖
16196,縊
16202,謎
16204,閉
16205,閇
16207,箅
16209,慧
16212,惠
16214,蕙
16222,桂
16223,昋
16224,炅
16225,炔
16246,麗
16247,戾
16249,隸
16250,隷
16251,儷
16256,唳
16269,蜦
16288,祭
16289,際
16290,穄
16295,歲
16300,衞
16308,彗
16313,芮
16318,鈉
16319,贅
16325,脃
16326,膬
16327,脆
16335,銳
16337,叡
16338,睿
16340,蜹
16341,綴
16352,稅
16353,說
16355,蛻
16361,𡚁
16362,斃
16363,幣
16365,敝
16373,彗
16379,蔽
16384,鱖
16389,袂
16401,制
16402,𠛐
16405,製
16419,逝
16422,噬
16423,誓
16424,𣂯
16425,筮
16432,曳
16433,裔
16437,洩
16452,抴
16466,藝
16469,寱
16470,㦣
16471,囈
16474,滯
16475,彘
16481,例
16482,厲
16483,礪
16484,勵
16491,蠣
16492,蠇
16512,世
16513,勢
16535,䟷
16547,喙
16548,泰
16550,太
16551,汰
16552,蓋
16553,匃
16554,丐
16555,艾
16558,藹
16561,靄
16568,柰
16569,奈
16573,大
16574,汏
16581,害
16585,帶
16587,㿃
16592,貝
16593,沛
16594,𨙶
16598,狽
16608,沛
16611,會
16615,繪
16616,兌
16619,銳
16621,儈
16626,檜
16634,劊
16635,會
16639,最
16654,外
16658,薈
16674,磕
16676,轄
16683,蔡
16684,𣞖
16686,賴
16687,籟
16688,癩
16689,瀨
16707,蛻
16712,沫
16715,卦
16716,挂
16717,掛
16721,懈
16722,解
16724,廨
16726,㾏
16727,隘
16728,𨽴
16733,邂
16734,解
16735,賣
16736,畫
16746,瘥
16749,㳗
16756,稗
16761,派
16763,𥿯
16768,債
16771,曬
16780,怪
16781,恠
16784,𣀩
16785,壞
16789,呃
16790,瘵
16793,誡
16794,戒
16795,界
16796,介
16797,届
16798,疥
16804,尬
16811,芥
16826,械
16827,䪥
16828,薤
16831,瀣
16841,蒯
16842,喟
16849,墤
16850,𢷎
16851,拜
16852,扒
16853,湃
16854,浿
16855,壞
16856,𡎯
16863,憊
16865,韛
16866,𣡖
16871,𧱘
16884,劾
16890,快
16895,邁
16899,話
16900,敗
16901,𣀕
16903,唄
16907,嘬
16915,喝
16917,嗄
16925,敗
16927,寨
16930,隊
16942,佩
16943,珮
16950,背
16954,妹
16955,昧
16956,眛
16960,黴
16965,配
16969,誨
16970,悔
16971,晦
16980,對
16981,𡭊
16982,碓
16983,𣝉
16987,淬
16988,焠
16990,啐
16991,晬
17001,退
17002,𢓴
17003,𨓤
17016,潰
17018,繢
17025,膭
17029,塊
17030,凷
17032,碎
17037,內
17040,儽
17041,攂
17052,背
17053,輩
17057,代
17058,岱
17059,黛
17062,埭
17064,帒
17065,袋
17071,載
17072,再
17079,賽
17081,塞
17083,貸
17085,態
17087,溉
17088,㮣
17093,慨
17094,愾
17095,欬
17099,礙
17100,硋
17102,閡
17106,愛
17109,曖
17113,薆
17118,耐
17120,鼐
17122,佴
17125,戴
17128,睞
17135,菜
17137,棌
17140,載
17141,裁
17143,在
17145,栽
17148,廢
17157,肺
17158,杮
17161,穢
17167,吠
17171,喙
17174,𧾣
17178,刈
17179,乂
17186,震
17187,振
17188,賑
17197,信
17198,訊
17199,訙
17200,迅
17201,囟
17202,顖
17204,汛
17208,刃
17209,認
17210,肕
17211,韌
17212,仞
17213,軔
17219,胤
17222,引
17232,吝
17239,藺
17260,擯
17261,殯
17262,鬢
17266,敶
17267,陳
17268,陣
17270,𨳏
17271,慎
17272,昚
17273,蜃
17276,抻
17281,燼
17282,㶳
17289,晉
17290,㬜
17292,縉
17294,進
17299,衅
17300,釁
17301,舋
17302,鎮
17304,填
17305,僅
17306,覲
17309,饉
17316,櫬
17320,襯
17323,印
17324,鮣
17328,趁
17332,親
17333,寴
17343,𥇜
17344,盹
17347,峻
17348,濬
17349,浚
17352,迅
17360,殉
17361,徇
17364,儁
17365,俊
17369,駿
17376,舜
17377,䑞
17379,瞬
17380,瞚
17381,眴
17382,䀢
17384,閏
17385,潤
17387,順
17389,問
17390,璺
17392,汶
17393,紊
17394,聞
17399,娩
17400,運
17401,暈
17406,員
17411,韻
17416,訓
17419,薰
17421,湓
17422,忿
17425,糞
17426,𥻔
17427,𡊅
17428,拚
17430,奮
17433,醞
17434,慍
17442,郡
17443,分
17454,靳
17455,斤
17458,劤
17459,近
17462,隱
17469,願
17470,𩕾
17472,愿
17473,怨
17475,販
17476,畈
17477,券
17479,勸
17483,万
17484,萬
17486,蔓
17487,曼
17491,娩
17501,飯
17502,𩚳
17507,嬔
17517,建
17519,堰
17520,鄢
17521,郾
17522,䞁
17523,傿
17529,獻
17530,憲
17533,楥
17534,楦
17537,健
17538,腱
17548,溷
17551,頓
17552,扽
17554,巽
17558,遜
17560,困
17561,𣏔
17564,嫩
17565,媆
17568,搵
17570,悶
17571,懣
17584,噴
17585,歕
17586,湓
17587,鈍
17588,遁
17589,遯
17592,寸
17594,坌
17597,諢
17598,論
17601,奔
17606,恨
17607,艮
17608,茛
17613,翰
17614,捍
17615,扞
17616,鼾
17620,釬
17621,汗
17622,悍
17623,瀚
17639,炭
17640,歎
17641,嘆
17642,湠
17645,按
17646,案
17648,晏
17652,旦
17660,憚
17661,彈
17664,但
17665,撣
17669,幹
17670,杆
17676,矸
17679,岸
17691,看
17694,漢
17703,爛
17704,爤
17708,鑭
17712,難
17716,粲
17717,㛑
17718,燦
17719,璨
17723,𢿱
17724,散
17728,贊
17729,讚
17733,灒
17738,攢
17744,換
17754,鑽
17755,惋
17756,腕
17757,𢯲
17758,捥
17760,琬
17761,貫
17764,館
17766,鑵
17769,灌
17771,鸛
17779,冠
17780,觀
17784,盥
17789,竄
17790,鑹
17791,爨
17794,玩
17795,貦
17796,翫
17799,段
17800,毈
17801,椴
17802,亂
17806,鍛
17809,斷
17811,踹
17817,喚
17818,嚾
17819,𡅽
17820,煥
17821,奐
17822,渙
17825,筭
17826,蒜
17830,幔
17831,漫
17838,謾
17839,半
17840,絆
17841,靽
17846,判
17850,胖
17854,叛
17856,畔
17857,伴
17863,攢
17866,諫
17867,㵎
17868,鐗
17869,閒
17870,鴈
17871,鳫
17872,雁
17873,贗
17874,偐
17876,晏
17881,訕
17882,汕
17885,疝
17886,𣑭
17891,慢
17893,謾
17899,患
17900,𢠶
17901,擐
17902,宦
17904,豢
17908,慣
17910,摜
17912,串
17914,㝈
17915,涮
17916,篡
17919,棧
17923,襻
17924,奻
17930,襉
17932,閒
17936,莧
17939,瓣
17940,辨
17941,辦
17944,盼
17946,幻
17948,袒
17949,綻
17951,扮
17952,鰥
17953,霰
17958,先
17963,茜
17966,倩
17975,絢
17976,絃
17983,縣
17984,寰
17986,眩
17987,炫
18009,電
18010,殿
18011,奠
18013,澱
18014,淀
18015,甸
18016,佃
18021,填
18031,練
18032,浰
18033,鍊
18035,楝
18038,僆
18046,見
18053,牽
18060,見
18061,現
18064,硯
18065,研
18070,宴
18072,燕
18073,鷰
18077,嚥
18078,咽
18083,薦
18085,濺
18086,麪
18087,麵
18094,片
18097,荐
18112,線
18113,綫
18116,戰
18117,顫
18118,繕
18119,鄯
18120,擅
18121,膳
18122,饍
18124,禪
18125,䄠
18126,單
18131,彥
18132,唁
18133,喭
18135,諺
18136,這
18137,譴
18142,絹
18149,媛
18151,院
18152,面
18154,釧
18156,穿
18167,箭
18168,𥳭
18174,濺
18175,煎
18177,扇
18178,煽
18180,𧎥
18185,堰
18187,眷
18188,睠
18190,弮
18191,卷
18202,倦
18208,戀
18214,變
18220,卞
18221,拚
18223,弁
18225,汴
18236,鏇
18239,旋
18244,選
18251,渲
18257,譔
18262,傳
18264,賤
18266,餞
18267,羨
18269,騗
18270,偏
18273,輾
18274,碾
18275,囀
18277,轉
18282,延
18286,便
18288,纏
18295,徧
18296,遍
18297,嘯
18298,歗
18302,糶
18303,𥺋
18304,眺
18306,趒
18312,弔
18315,釣
18319,叫
18331,尿
18332,㞙
18333,藋
18334,銚
18335,掉
18336,調
18337,莜
18338,𥁮
18340,竅
18343,尥
18345,料
18347,鐐
18361,𥬇
18362,𠺑
18363,肖
18364,韒
18365,鞘
18366,照
18367,炤
18368,詔
18372,鷂
18376,耀
18377,曜
18388,要
18391,召
18392,邵
18393,召
18400,轎
18404,漂
18405,僄
18413,噍
18414,誚
18417,妙
18418,玅
18424,哨
18425,俏
18431,𤻲
18432,療
18442,醮
18443,𥛲
18453,廟
18454,庿
18455,驃
18456,少
18457,燒
18459,裱
18460,俵
18461,驃
18462,翹
18463,饒
18464,繞
18466,效
18467,効
18468,校
18471,傚
18474,教
18475,𢼂
18476,窖
18477,校
18479,酵
18480,覺
18482,較
18486,孝
18487,哮
18492,罩
18493,䈇
18498,豹
18501,爆
18503,敲
18506,皃
18507,䫉
18508,貌
18515,炮
18518,礮
18521,稍
18522,潲
18528,棹
18529,櫂
18532,橈
18534,𠆴
18535,鬧
18538,笊
18542,鉋
18544,抄
18545,鈔
18547,耖
18552,靿
18557,樂
18561,号
18562,號
18563,𤩭
18567,導
18570,悼
18571,蹈
18572,盜
18581,到
18582,禱
18583,倒
18587,誥
18589,告
18591,膏
18594,傲
18597,鏊
18603,帽
18604,耄
18605,𧂕
18607,眊
18608,瑁
18609,㺺
18610,冒
18622,澇
18623,潦
18624,勞
18627,癆
18629,操
18630,造
18631,艁
18633,㿷
18634,糙
18636,暴
18637,虣
18638,曝
18639,瀑
18641,菢
18645,報
18648,奧
18649,懊
18658,澳
18660,譟
18661,噪
18665,埽
18666,掃
18668,𩝝
18669,犒
18671,靠
18673,竈
18674,躁
18676,秏
18677,好
18685,個
18686,賀
18690,佐
18691,左
18695,作
18700,邏
18707,餓
18708,馱
18709,大
18710,奈
18711,那
18712,些
18715,拖
18716,過
18723,和
18724,盉
18726,挫
18729,課
18735,科
18736,唾
18737,涶
18739,蛻
18743,播
18744,𢿥
18745,簸
18748,剉
18749,莝
18750,銼
18751,磨
18752,䃺
18755,愞
18757,稬
18759,破
18761,座
18762,坐
18763,臥
18766,貨
18767,惰
18771,縛
18777,摞
18781,刴
18785,侉
18786,涴
18791,罵
18796,駕
18797,稼
18798,嫁
18800,架
18802,價
18803,假
18807,賈
18808,亞
18811,㰳
18814,啞
18815,婭
18818,嚇
18819,罅
18820,唬
18826,迓
18827,訝
18831,砑
18832,詫
18833,侘
18835,吒
18836,咤
18848,詐
18850,咋
18853,榨
18854,乍
18859,謝
18860,榭
18864,疴
18868,暇
18869,夏
18870,下
18872,褯
18873,藉
18877,夜
18884,卸
18885,瀉
18887,柘
18888,樜
18889,鷓
18892,炙
18893,蔗
18895,借
18896,舍
18897,赦
18898,騇
18901,射
18902,䠶
18903,麝
18905,霸
18906,𧟳
18908,欛
18909,靶
18911,垻
18912,帊
18913,怕
18916,崋
18917,華
18918,樺
18921,化
18927,跨
18931,傻
18933,杷
18940,笡
18947,䖳
18949,瓦
18950,攨
18953,漾
18954,恙
18958,㨾
18959,養
18960,眻
18966,亮
18967,諒
18972,兩
18973,踉
18974,量
18980,涼
18981,狀
18982,讓
18984,攘
18986,餉
18988,向
18996,帳
18997,脹
18998,痮
18999,漲
19001,悵
19002,暢
19012,向
19020,仗
19021,長
19023,釀
19026,匠
19029,障
19030,㢓
19032,嶂
19033,瘴
19035,尚
19036,上
19037,丄
19038,償
19039,壯
19040,裝
19042,怏
19047,唱
19048,𪛋
19050,倡
19051,刱
19052,創
19053,愴
19055,醬
19056,𨡰
19057,𨟻
19058,將
19060,仰
19061,訪
19062,妨
19064,妄
19065,望
19066,朢
19067,忘
19070,況
19071,况
19074,誑
19076,俇
19079,旺
19080,暀
19083,放
19084,舫
19087,相
19096,宕
19099,逿
19103,浪
19110,笐
19111,盎
19116,葬
19117,傍
19119,藏
19120,奘
19125,當
19126,擋
19128,抗
19130,炕
19132,伉
19133,亢
19143,謗
19146,湯
19147,蕩
19148,盪
19150,曠
19151,爌
19153,壙
19158,喪
19159,𠷔
19160,攩
19161,擴
19164,桄
19166,鋼
19174,映
19175,暎
19178,敬
19179,竟
19180,鏡
19182,競
19183,𥪰
19187,儆
19189,慶
19191,更
19192,命
19193,病
19197,孟
19203,橫
19204,柄
19205,棅
19210,詠
19211,咏
19212,泳
19215,行
19216,絎
19219,㵾
19221,趟
19224,𩏠
19225,牚
19229,鋥
19231,䂻
19240,諍
19241,迸
19246,鞕
19247,硬
19248,轟
19249,輷
19250,勁
19251,倩
19252,凊
19253,政
19254,正
19255,証
19257,聖
19258,鄭
19264,性
19265,姓
19266,令
19268,聘
19275,摒
19276,併
19277,并
19280,淨
19281,瀞
19284,靚
19288,盛
19289,墭
19292,輕
19296,徑
19297,經
19298,逕
19303,甯
19304,佞
19305,濘
19307,腥
19310,脛
19312,定
19315,錠
19316,矴
19317,釘
19318,訂
19320,飣
19321,奠
19322,𦘭
19325,罄
19327,磬
19328,殸
19332,聽
19337,䒌
19338,暝
19347,證
19349,孕
19352,媵
19356,乘
19360,嵊
19362,剩
19363,認
19367,應
19370,甑
19371,䰝
19372,𩱭
19374,興
19377,勝
19381,瞪
19388,稱
19389,秤
19390,凝
19395,鐙
19397,橙
19398,凳
19402,贈
19411,蹭
19413,鄧
19414,蹬
19433,宥
19434,又
19435,佑
19436,右
19437,祐
19443,囿
19449,救
19450,灸
19452,究
19454,疚
19461,冑
19463,酎
19464,宙
19473,晝
19476,狩
19477,獸
19481,臭
19483,岫
19484,𥥉
19485,袖
19487,齅
19490,呪
19491,䯾
19493,祝
19494,舊
19495,柩
19496,匶
19497,𤸃
19498,瘦
19499,漱
19501,皺
19504,縐
19506,副
19516,富
19520,不
19521,畜
19523,溜
19524,廖
19527,鷚
19528,餾
19542,秀
19543,繡
19545,琇
19546,宿
19551,驟
19554,就
19555,鷲
19558,糅
19563,復
19564,𢕒
19565,𤸑
19566,伏
19570,複
19573,鼬
19575,柚
19585,授
19588,壽
19589,售
19590,綬
19595,揉
19600,候
19603,逅
19606,后
19607,後
19609,鱟
19611,厚
19615,寇
19618,扣
19622,簆
19625,茂
19626,貿
19628,戊
19630,袤
19632,懋
19633,瞀
19635,姆
19645,豆
19646,竇
19648,逗
19650,荳
19651,脰
19661,鬥
19676,瘶
19677,嗽
19678,欶
19679,漱
19683,奏
19685,透
19690,漚
19693,遘
19694,構
19695,媾
19698,購
19701,彀
19703,句
19711,㝅
19713,輳
19714,腠
19715,湊
19722,𨹟
19723,漏
19724,鏤
19726,瘻
19733,𠞭
19735,蔻
19740,吼
19743,佝
19744,怐
19747,偶
19751,幼
19752,謬
19753,繆
19756,沁
19757,𠖶
19758,吣
19760,浸
19761,濅
19762,𣹦
19764,妊
19765,絍
19767,任
19770,沈
19772,枕
19777,噤
19784,禁
19787,賃
19788,蔭
19790,窨
19794,飲
19795,滲
19797,闖
19799,譖
19800,讖
19804,臨
19806,甚
19812,勘
19818,磡
19820,淦
19823,贛
19824,憾
19827,唅
19831,暗
19835,撢
19853,儑
19862,䫲
19866,闞
19867,瞰
19871,濫
19874,纜
19875,爁
19892,憨
19902,淡
19906,暫
19907,蹔
19908,鏨
19909,擔
19912,豔
19913,艶
19914,爓
19915,焰
19918,鹽
19919,𤅸
19920,灩
19921,贍
19922,染
19924,厭
19926,猒
19927,饜
19931,驗
19934,閃
19939,壍
19940,塹
19943,殮
19944,斂
19961,俺
19963,占
19964,㮇
19970,念
19972,店
19974,沾
19976,墊
19989,僭
19991,兼
19995,釅
20002,陷
20011,蘸
20013,站
20015,歉
20017,𧸖
20027,鑑
20028,鑒
20029,監
20032,懺
20041,釤
20048,湴
20058,梵
20059,帆
20061,汎
20062,泛
20069,劔
20070,欠
20071,㐸
20072,俺
20074,淹
20080,屋
20081,𡲃
20082,𦤼
20087,獨
20088,黷
20093,讀
20095,牘
20107,瀆
20112,犢
20117,穀
20118,糓
20119,轂
20121,瀔
20122,谷
20136,斛
20139,礐
20148,哭
20156,禿
20157,𣬜
20162,啄
20169,速
20170,遬
20171,𧫣
20172,蔌
20186,涑
20188,祿
20189,鹿
20190,漉
20191,淥
20196,𨏔
20197,轆
20201,簏
20202,箓
20205,麓
20206,㯟
20207,碌
20217,摝
20223,角
20225,彔
20242,族
20244,鑿
20247,蔟
20250,簇
20251,鏃
20253,暴
20254,曝
20255,瀑
20258,樸
20259,僕
20260,䑑
20265,扑
20266,醭
20272,撲
20276,卜
20281,樸
20283,蹼
20290,木
20291,沐
20293,毣
20303,福
20304,腹
20305,複
20306,幅
20307,輻
20310,蝠
20320,伏
20321,復
20323,服
20324,𦨈
20325,茯
20326,馥
20334,洑
20348,菔
20349,匐
20350,鰒
20352,栿
20353,縮
20358,謖
20366,六
20367,陸
20368,戮
20369,剹
20388,逐
20389,軸
20390,碡
20391,妯
20400,菊
20401,鞠
20405,𡙳
20406,掬
20419,䱡
20433,麴
20434,𥶶
20435,𩍔
20438,熟
20439,孰
20440,淑
20441,塾
20442,𨷙
20451,育
20452,毓
20453,鬻
20454,粥
20455,𩱱
20461,煜
20463,昱
20489,蹴
20491,肉
20494,粥
20495,喌
20496,祝
20499,叔
20501,倏
20509,尗
20510,菽
20512,蓄
20513,稸
20514,畜
20515,𤲸
20522,竹
20523,竺
20524,筑
20525,築
20526,𥲔
20529,蹙
20530,踧
20536,槭
20547,矗
20555,忸
20562,蝮
20563,覆
20570,郁
20571,戫
20572,彧
20590,肅
20591,宿
20592,蓿
20593,夙
20594,𠉦
20595,𠈇
20613,目
20614,睦
20615,穆
20616,苜
20618,牧
20626,蓄
20633,傗
20638,沃
20645,毒
20646,𡹆
20653,篤
20655,督
20664,酷
20670,鵠
20678,僕
20679,䑑
20680,鏷
20686,梏
20690,告
20705,褥
20717,燭
20720,矚
20722,囑
20724,䟉
20729,蠋
20730,玉
20731,獄
20734,旭
20735,頊
20741,鋦
20751,局
20752,跼
20756,蜀
20764,屬
20765,属
20767,鐲
20768,觸
20769,觕
20772,辱
20773,蓐
20774,褥
20776,縟
20783,束
20785,欲
20786,浴
20791,慾
20797,錄
20800,綠
20805,逯
20808,碌
20814,曲
20825,足
20827,贖
20832,促
20839,續
20840,俗
20843,粟
20844,𥻆
20858,覺
20859,斠
20860,角
20861,桷
20868,榷
20874,䮤
20876,嶽
20877,岳
20878,樂
20884,浞
20886,鋜
20896,捉
20903,朔
20905,嗽
20906,矟
20907,槊
20908,蒴
20915,斲
20916,涿
20917,諑
20919,琢
20921,卓
20922,桌
20924,啄
20930,倬
20934,剝
20936,駁
20947,趵
20948,邈
20957,雹
20958,𩅟
20977,璞
20978,㩧
20979,樸
20980,朴
20993,㱿
20996,搉
20997,確
20998,碻
21012,濁
21013,擢
21014,濯
21018,鐲
21025,𢢗
21028,渥
21029,握
21032,幄
21034,喔
21039,齷
21045,搦
21051,逴
21052,趠
21054,踔
21055,㪬
21060,學
21086,齪
21087,質
21090,桎
21092,蛭
21097,鑕
21101,侄
21102,日
21107,實
21108,秩
21114,姪
21115,妷
21120,悉
21121,厀
21122,膝
21123,蟋
21129,一
21130,弌
21131,壹
21132,七
21133,漆
21134,柒
21142,匹
21145,䏘
21146,吉
21154,暱
21155,昵
21161,逸
21162,佚
21164,溢
21165,軼
21173,詰
21186,栗
21187,㮚
21188,𣡷
21190,溧
21205,窒
21206,挃
21217,疾
21218,𤕺
21219,嫉
21232,失
21233,室
21237,唧
21243,蜜
21244,𧖅
21245,謐
21252,必
21253,畢
21255,蓽
21311,率
21313,蟀
21314,𧍓
21321,叱
21323,密
21328,沕
21333,弼
21334,𢐀
21335,㢸
21336,𠡂
21343,乙
21353,筆
21354,潷
21357,泌
21365,蛭
21367,術
21368,述
21369,秫
21370,朮
21371,沭
21378,橘
21388,誶
21390,聿
21397,𩙅
21411,卒
21416,卹
21417,恤
21418,戌
21431,律
21432,寽
21439,黜
21440,怵
21445,𤝞
21449,絀
21453,𡢑
21455,朮
21456,𦬸
21458,出
21459,焌
21462,茁
21467,櫛
21468,楖
21473,瑟
21476,蝨
21480,物
21481,勿
21482,𣃦
21489,弗
21492,綍
21493,紼
21497,不
21509,鬱
21517,尉
21518,熨
21524,厥
21525,屈
21531,屈
21534,倔
21536,崛
21538,䘿
21542,掘
21543,佛
21544,怫
21548,䞞
21565,拂
21568,茀
21570,艴
21575,彿
21576,𧿳
21578,迄
21587,訖
21588,吃
21592,疙
21593,屹
21600,乞
21603,月
21604,刖
21605,跀
21606,𧿁
21611,鈅
21614,伐
21615,筏
21616,栰
21617,罰
21618,閥
21619,垡
21623,拔
21624,茷
21628,越
21630,粵
21631,戉
21632,鉞
21636,曰
21644,厥
21645,氒
21646,蹶
21647,𨇮
21652,蕨
21659,撅
21660,鱖
21665,噦
21669,橜
21672,掘
21674,憠
21675,𨬐
21680,闕
21684,髮
21685,𩠖
21686,𩑛
21687,發
21690,韤
21691,韈
21692,襪
21701,謁
21706,歇
21707,蠍
21713,羯
21714,揭
21715,𢶆
21717,𢷒
21718,揭
21719,竭
21724,茁
21725,沒
21726,歿
21732,骨
21739,汩
21744,榾
21748,勃
21749,渤
21752,餑
21753,𡋯
21768,脖
21770,鵓
21781,突
21783,腯
21792,凸
21795,𩑦
21802,淴
21804,忽
21808,寣
21818,惚
21821,兀
21823,杌
21847,窟
21852,堀
21862,訥
21867,窣
21873,㞕
21874,猝
21877,𢪃
21881,𪘧
21892,𣝗
21900,滑
21901,卒
21904,曷
21905,褐
21916,𠿒
21917,喝
21925,妲
21926,呾
21930,笪
21932,靼
21935,撻
21938,獺
21946,遏
21951,胺
21957,剌
21959,辢
21961,瘌
21962,攋
21964,癩
21973,渴
21974,㵣
21978,磕
21981,達
21982,薘
21997,歺
22000,葛
22003,割
22011,薩
22013,𥻦
22019,攃
22021,礤
22022,捺
22026,末
22032,䬴
22033,秣
22043,抹
22050,沫
22055,撥
22059,鉢
22060,盋
22074,㳨
22077,𤁢
22078,括
22079,活
22084,聒
22099,闊
22105,活
22113,奪
22114,𡙜
22115,敓
22116,脫
22121,豁
22122,𧯆
22129,斡
22132,捾
22133,𣁳
22140,攥
22141,鏺
22147,𣸍
22154,侻
22156,脫
22160,捋
22165,掇
22173,撮
22175,跋
22190,拔
22192,鈸
22200,黠
22204,札
22206,蚻
22207,紮
22209,扎
22211,拔
22215,擖
22226,滑
22227,猾
22234,八
22237,捌
22238,扒
22253,穵
22261,察
22262,詧
22269,戛
22272,稭
22280,嘎
22287,軋
22289,揠
22297,殺
22298,煞
22325,鎋
22326,舝
22327,轄
22349,剎
22355,瞎
22359,獺
22360,刮
22369,舌
22377,刷
22386,帕
22397,𨰉
22405,屑
22406,楔
22417,切
22420,竊
22422,沏
22425,結
22427,潔
22428,䥛
22429,鍥
22430,桔
22435,拮
22440,節
22442,癤
22443,蝍
22453,血
22461,決
22465,闋
22467,缺
22469,玦
22472,譎
22473,訣
22484,決
22494,抉
22495,穴
22513,迭
22514,跌
22522,咥
22533,摕
22541,鐵
22542,銕
22544,餮
22545,飻
22554,頁
22570,涅
22571,捏
22582,𢧵
22589,齧
22594,臬
22602,蔑
22607,篾
22616,覕
22627,閉
22634,噎
22642,挈
22645,契
22647,鍥
22655,撆
22658,瞥
22665,蹩
22668,癟
22679,窒
22688,捩
22693,薛
22697,褻
22699,泄
22712,列
22713,𠛱
22717,烈
22718,洌
22719,冽
22720,裂
22723,鴷
22732,哲
22733,悊
22734,喆
22735,嚞
22736,蜇
22737,傑
22738,桀
22739,竭
22740,碣
22744,渴
22749,杰
22751,熱
22755,浙
22756,折
22762,舌
22766,折
22767,孽
22776,櫱
22779,滅
22780,搣
22782,揭
22787,鼈
22789,鄨
22791,憋
22793,絕
22795,㔢
22797,雪
22798,䨮
22802,悅
22803,說
22804,閱
22809,缺
22811,噦
22817,說
22818,拙
22830,啜
22831,輟
22840,綴
22846,劣
22847,𢚃
22848,埒
22859,瞥
22862,癟
22863,別
22865,轍
22866,徹
22868,澈
22873,扒
22874,別
22875,㕞
22876,刷
22880,孑
22885,揭
22886,設
22888,吶
22901,茁
22906,敠
22907,蠽
22908,𧓷
22919,撤
22920,硩
22921,徹
22931,掣
22933,抴
22935,藥
22936,躍
22940,鑰
22941,𩱲
22942,瀹
22951,籥
22967,略
22970,掠
22976,腳
22977,脚
22981,灼
22985,勺
22986,酌
22988,焯
22990,妁
22997,爍
22998,鑠
23004,若
23005,弱
23007,箬
23010,溺
23012,惹
23015,綽
23016,繛
23019,約
23021,卻
23022,却
23025,虐
23027,瘧
23029,勺
23031,杓
23033,芍
23040,削
23042,爵
23043,𩰥
23044,雀
23050,嚼
23052,鵲
23053,舄
23063,噱
23076,縛
23081,籰
23089,钁
23090,攫
23091,矍
23097,芍
23098,著
23104,著
23116,謔
23117,鐸
23119,度
23121,踱
23132,莫
23133,幕
23135,膜
23137,摸
23138,漠
23139,瘼
23140,寞
23148,落
23149,絡
23150,烙
23151,洛
23152,珞
23153,酪
23154,樂
23158,硌
23159,駱
23162,㓢
23168,雒
23182,託
23184,橐
23186,籜
23189,拓
23193,蘀
23200,作
23202,柞
23206,錯
23213,各
23214,閣
23215,格
23216,胳
23218,恪
23222,愕
23223,鄂
23224,諤
23229,萼
23230,鍔
23233,鶚
23234,鰐
23235,噩
23237,齶
23238,顎
23250,粕
23251,膊
23254,搏
23261,惡
23262,𢙣
23265,泊
23266,亳
23267,箔
23268,薄
23279,壑
23280,𧮸
23281,蠚
23282,謞
23283,郝
23288,索
23294,涸
23295,鶴
23305,昨
23306,酢
23310,鑿
23313,柞
23322,砟
23325,博
23326,髆
23327,搏
23328,爆
23345,諾
23346,霍
23350,藿
23358,郭
23359,𩫏
23360,𨟍
23369,蠖
23374,穫
23375,鑊
23384,廓
23394,陌
23395,帞
23399,貘
23403,驀
23409,𢫦
23413,磔
23414,虴
23424,白
23425,帛
23426,舶
23429,伯
23430,迫
23431,敀
23432,百
23433,柏
23437,劇
23438,屐
23442,㘌
23443,戟
23444,撠
23452,索
23457,柵
23458,䜺
23462,嘖
23464,窄
23465,笮
23469,蚱
23475,隙
23482,額
23483,頟
23489,逆
23495,客
23496,喀
23498,揢
23502,𡍩
23505,㿭
23506,𤖴
23509,拍
23510,魄
23515,珀
23517,𤖼
23520,赫
23522,嚇
23529,格
23542,鉻
23549,硅
23551,宅
23552,㡯
23553,擇
23554,澤
23556,翟
23564,虢
23575,搦
23580,麥
23581,𧖴
23582,脉
23583,衇
23588,獲
23591,劃
23596,蟈
23599,幗
23600,膕
23603,摑
23612,檗
23613,擘
23627,嘖
23628,責
23632,嘖
23641,策
23642,冊
23643,𥬰
23654,柵
23682,覈
23687,核
23689,滆
23691,隔
23692,膈
23696,革
23706,嗝
23707,摘
23708,謫
23709,讁
23716,戹
23717,厄
23718,搤
23719,㧖
23720,軶
23723,呝
23760,昔
23761,𦠡
23763,惜
23774,積
23775,脊
23777,借
23778,迹
23779,跡
23782,𪃹
23785,𩺀
23786,鯽
23792,益
23800,繹
23801,睪
23802,亦
23804,奕
23806,譯
23809,驛
23812,腋
23813,掖
23815,易
23816,液
23823,墿
23833,釋
23836,適
23849,尺
23850,赤
23851,烾
23853,㡿
23854,斥
23860,石
23861,碩
23867,隻
23868,適
23869,炙
23871,摭
23873,蹠
23874,跖
23880,擲
23881,擿
23883,躑
23884,蹢
23889,刺
23895,席
23896,夕
23900,蓆
23901,籍
23904,藉
23907,瘠
23917,闢
23918,辟
23923,役
23925,疫
23937,辟
23938,璧
23939,鐴
23944,僻
23945,辟
23946,癖
23949,射
23950,碧
23952,彳
23957,錫
23958,析
23959,㭊
23961,皙
23964,蜥
23966,淅
23971,激
23972,擊
23980,霹
23981,劈
23986,僻
23987,靂
23989,酈
23991,轢
23994,礫
23999,櫟
24001,歷
24002,曆
24004,瀝
24032,的
24034,嫡
24037,鏑
24039,滴
24058,檄
24071,荻
24072,狄
24073,敵
24075,翟
24076,迪
24079,笛
24080,𥴦
24081,糴
24082,籴
24084,滌
24101,逷
24105,剔
24106,𠜓
24108,惕
24111,摘
24112,踢
24121,績
24122,勣
24128,喫
24129,𠿊
24136,溺
24138,寂
24139,𡧘
24140,𡧯
24143,覓
24144,覛
24151,羃
24152,汨
24170,壁
24180,鶪
24185,戚
24197,鬩
24214,職
24215,軄
24217,織
24223,直
24227,力
24236,敕
24237,勅
24238,飭
24252,稙
24253,食
24254,蝕
24255,息
24260,熄
24268,殖
24269,植
24270,埴
24271,𡑠
24274,識
24275,式
24276,拭
24277,𢂑
24278,軾
24279,飾
24293,極
24294,匿
24300,測
24301,惻
24306,憶
24307,億
24308,臆
24314,薏
24315,𦺳
24320,抑
24322,癔
24323,色
24325,嗇
24327,穡
24342,棘
24350,弋
24352,翌
24355,翼
24356,𩙺
24357,𦏵
24384,即
24385,卽
24386,稷
24393,鯽
24397,唧
24398,𪃹
24400,逼
24401,偪
24410,域
24424,洫
24433,緎
24455,仄
24459,側
24485,德
24486,惪
24489,得
24494,則
24495,𠟻
24496,𠟭
24497,勒
24498,肋
24509,忒
24511,慝
24515,刻
24516,克
24520,特
24529,黑
24532,墨
24533,默
24544,賊
24545,𧵪
24546,鱡
24547,鰂
24551,塞
24552,𡫼
24556,北
24558,菔
24559,蔔
24564,仆
24571,或
24572,惑
24576,國
24579,劾
24587,覆
24592,緝
24593,葺
24598,十
24599,什
24600,拾
24601,褶
24602,執
24603,汁
24608,習
24609,襲
24619,褶
24621,集
24622,輯
24623,檝
24630,入
24631,廿
24632,揖
24633,挹
24634,溼
24635,濕
24636,䏉
24637,㗱
24650,及
24651,𨕤
24655,笈
24657,蟄
24667,立
24669,粒
24670,笠
24673,䇐
24676,急
24677,汲
24678,給
24680,級
24681,芨
24682,𦳌
24687,岌
24689,泣
24690,㬤
24691,湆
24697,歰
24698,澀
24699,澁
24705,吸
24706,噏
24707,歙
24708,翕
24711,熻
24722,蕺
24726,邑
24759,合
24760,郃
24769,盒
24771,鴿
24772,合
24776,蛤
24781,佮
24789,答
24792,撘
24794,褡
24797,嗒
24801,趿
24802,颯
24803,靸
24804,𩎕
24807,𠦃
24812,沓
24823,蹹
24834,踏
24837,𦑇
24839,濕
24853,雜
24861,迊
24862,𠯗
24867,嘁
24870,拉
24871,搚
24872,㩉
24881,納
24885,衲
24909,欱
24910,㽺
24915,哈
24927,盍
24928,闔
24929,𨶩
24936,臘
24937,臈
24940,鑞
24941,蠟
24942,䗶
24949,邋
24951,耷
24952,搨
24953,㩉
24958,褡
24961,榻
24962,㯓
24975,塔
24976,搭
24977,嗒
24978,遢
24986,蹋
24987,躢
25011,閘
25012,鉀
25016,磕
25030,譫
25031,葉
25039,䈎
25041,接
25043,睫
25044,䀹
25047,婕
25052,攝
25055,歙
25057,𥍉
25060,涉
25061,𣻣
25064,獵
25065,鬣
25066,㲱
25067,躐
25086,捷
25101,聶
25102,躡
25103,鑷
25124,㳧
25127,顳
25129,囁
25134,懾
25135,慴
25138,摺
25142,襵
25144,妾
25165,輒
25173,曄
25174,曅
25175,饁
25176,燁
25191,靨
25197,帖
25201,貼
25207,協
25208,叶
25209,勰
25211,挾
25212,俠
25217,頰
25218,𩠣
25221,梜
25222,莢
25226,愜
25227,㥦
25231,篋
25234,牒
25235,喋
25237,諜
25243,曡
25244,疊
25256,蝶
25264,苶
25268,捻
25272,攝
25279,燮
25282,躞
25306,跕
25314,浹
25322,洽
25323,䨐
25324,狹
25325,陜
25326,陿
25328,峽
25336,恰
25337,掐
25347,煠
25350,牐
25352,夾
25354,筴
25358,袷
25359,裌
25367,眨
25373,插
25391,霎
25398,劄
25402,凹
25407,狎
25412,匣
25424,鴨
25425,壓
25428,閘
25429,押
25430,甲
25431,胛
25435,鉀
25442,啑
25449,呷
25454,業
25455,㸣
25456,鄴
25469,脅
25478,怯
25479,㹤
25487,劫
25493,砝
25496,腌
25497,䱒
25517,乏
25520,法
25521,灋
